,ID,oldID,timestamp,x,latDir,y,lonDir,fix,nSat,hErr,alt,altU,h,hU,dgpsAge,checksum,typename,subcategory,note,Kortopslag,Samaqua,GeoDanmark,Energifyn
0,0,2,113957,587584.4441,N,6139148.139,E,4,13,0.7,7.826,M,39.466,M,1,0026*49,Bench,,,4688,,,
1,1,27,121516.15,587511.6718,N,6139233.734,E,4,15,0.7,9.478,M,39.466,M,1.1,0026*47,Bench,,,11592,,,
2,2,48,122234.1,587505.4434,N,6139282.251,E,4,15,0.7,9.604,M,39.466,M,1.1,0026*4F,Bench,,,,,,
3,3,93,130905.85,587595.8498,N,6139336.245,E,4,11,1.1,8.668,M,39.466,M,0.9,0009*43,Bench,,,2669,,,
4,4,103,132514.45,587665.3666,N,6139328.526,E,4,8,1.8,7.803,M,39.466,M,1.5,0009*4E,Bench,,,,,,
5,5,49,122316.05,587505.0501,N,6139271.166,E,4,14,0.7,8.999,M,39.466,M,1,0026*40,Fuse Box,,,,,,1217
6,6,30,121706.7,587499.158,N,6139266.411,E,4,15,0.7,9.391,M,39.466,M,1.7,0026*4F,Light Fixture,,,,,,47430
7,7,31,121721.75,587498.9848,N,6139269.295,E,4,15,0.7,9.389,M,39.466,M,1.8,0026*45,Light Fixture,,,,,,47431
8,8,32,121735.25,587498.9708,N,6139269.905,E,4,15,0.7,9.374,M,39.466,M,1.3,0026*46,Light Fixture,,,,,,47432
9,9,33,121746.4,587498.9304,N,6139272.482,E,4,15,0.7,9.386,M,39.466,M,1.4,0026*40,Light Fixture,,,,,,47433
10,10,34,121758.85,587498.928,N,6139273.113,E,4,15,0.7,9.382,M,39.466,M,0.9,0026*4C,Light Fixture,,,,,,47434
11,11,35,121810.5,587499.0135,N,6139275.702,E,4,15,0.7,9.37,M,39.466,M,1.5,0026*40,Light Fixture,,,,,,47435
12,12,36,121819.75,587499.0452,N,6139276.307,E,4,15,0.7,9.374,M,39.466,M,1.8,0026*40,Light Fixture,,,,,,47436
13,13,37,121829.95,587499.2193,N,6139278.869,E,4,15,0.7,9.359,M,39.466,M,0.9,0026*46,Light Fixture,,,,,,47437
14,14,38,121839,587499.2857,N,6139279.484,E,4,15,0.7,9.356,M,39.466,M,2,0026*4F,Light Fixture,,,,,,47438
15,15,39,121854.3,587499.6181,N,6139281.985,E,4,15,0.7,9.372,M,39.466,M,1.3,0026*42,Light Fixture,,,,,,47439
16,16,39,121854.5,587499.6169,N,6139281.983,E,4,15,0.7,9.372,M,39.466,M,1.5,0026*44,Light Fixture,,,,,,47447
17,17,40,121926.75,587500.3393,N,6139285.329,E,4,15,0.7,9.392,M,39.466,M,1.8,0026*43,Light Fixture,,,,,,47446
18,18,41,121942.65,587500.553,N,6139285.931,E,4,15,0.7,9.383,M,39.466,M,1.6,0026*47,Light Fixture,,,,,,47445
19,19,41,121956.85,587501.9693,N,6139289.017,E,4,15,0.7,9.395,M,39.466,M,1.9,0026*46,Light Fixture,,,,,,47444
20,20,41,122014.05,587502.2736,N,6139289.549,E,4,15,0.7,9.416,M,39.466,M,1,0026*4D,Light Fixture,,,,,,47443
21,21,43,122046.95,587504.8869,N,6139293.049,E,4,15,0.7,9.4,M,39.466,M,2,0026*49,Light Fixture,,,,,,47442
22,22,44,122103.35,587505.3039,N,6139293.527,E,4,15,0.7,9.561,M,39.466,M,1.4,0026*4D,Light Fixture,,,,,,47441
23,23,45,122121.95,587509.3719,N,6139297.25,E,4,14,0.7,9.546,M,39.466,M,0.9,0026*4A,Light Fixture,,,,,,47440
24,24,46,122132.75,587509.8461,N,6139297.619,E,4,13,0.8,9.553,M,39.466,M,1.8,0026*43,Light Fixture,,,,,,47429
25,25,47,122154.2,587512.6876,N,6139300.445,E,4,14,0.7,9.581,M,39.466,M,1.2,0026*4E,Light Fixture,,,,,,45448
26,26,52,122528.25,587520.1972,N,6139293.866,E,4,13,0.9,9.334,M,39.466,M,1.3,0026*49,Light Fixture,,,,,,6819
27,27,57,122810.3,587523.8037,N,6139307.272,E,4,11,0.9,9.554,M,39.466,M,1.3,0026*41,Light Fixture,,,,,1034130943,45449
28,28,58,122902.85,587527.2599,N,6139309.04,E,4,13,0.8,9.507,M,39.466,M,0.9,0026*4D,Light Fixture,,,,,,47412
29,29,59,122922.9,587527.7289,N,6139309.416,E,4,10,1,9.323,M,39.466,M,1.9,0026*4E,Light Fixture,,,,,,47428
30,30,60,122946.05,587530.7494,N,6139312.412,E,4,12,0.8,9.3,M,39.466,M,1,0026*46,Light Fixture,,,,,,47427
31,31,61,123132.2,587531.1653,N,6139312.844,E,4,11,1,9.21,M,39.466,M,1.2,0009*4E,Light Fixture,,,,,,47426
32,32,62,123157.5,587533.9911,N,6139316.009,E,4,13,0.8,9.193,M,39.466,M,1.5,0009*41,Light Fixture,,,,,,47425
33,33,63,123218.75,587534.396,N,6139316.487,E,4,11,1,9.085,M,39.466,M,0.8,0009*4F,Light Fixture,,,,,,47424
34,34,64,123238.65,587536.7791,N,6139318.875,E,4,13,0.8,9.087,M,39.466,M,1.6,0009*4A,Light Fixture,,,,,,47423
35,35,66,123300.55,587537.2426,N,6139319.308,E,4,13,0.8,8.972,M,39.466,M,1.5,0009*42,Light Fixture,,,,,,47422
36,36,66,123328.2,587539.9036,N,6139321.296,E,4,12,0.9,8.921,M,39.466,M,1.2,0009*47,Light Fixture,,,,,,47421
37,37,67,123348.3,587540.4311,N,6139321.598,E,4,12,0.9,8.772,M,39.466,M,1.3,0009*4B,Light Fixture,,,,,,47420
38,38,67,123406.4,587543.0958,N,6139322.918,E,4,12,0.9,8.784,M,39.466,M,1.4,0009*40,Light Fixture,,,,,,47419
39,39,68,123424.6,587543.689,N,6139323.136,E,4,12,0.9,8.793,M,39.466,M,1.6,0009*4F,Light Fixture,,,,,,47418
40,40,69,123441.85,587546.4484,N,6139323.963,E,4,13,0.8,8.757,M,39.466,M,1.9,0009*45,Light Fixture,,,,,,47417
41,41,70,123548.4,587547.0602,N,6139324.139,E,4,12,0.9,8.632,M,39.466,M,1.4,0009*4A,Light Fixture,,,,,,47416
42,42,71,123605.15,587549.5374,N,6139324.659,E,4,13,0.8,8.614,M,39.466,M,1.1,0009*48,Light Fixture,,,,,,47415
43,43,72,123624,587550.1351,N,6139324.774,E,4,13,0.8,8.613,M,39.466,M,1,0009*4B,Light Fixture,,,,,,47414
44,44,73,123640.85,587552.0354,N,6139325.186,E,4,13,0.8,8.522,M,39.466,M,0.9,0009*43,Light Fixture,,,,,,47413
45,45,77,124310.15,587559.6506,N,6139329.373,E,4,12,1,8.689,M,39.466,M,1.1,0009*4A,Manhole Cover,Non-standard,,,,,
46,46,51,122451,587518.4448,N,6139296.54,E,4,14,0.8,9.479,M,39.466,M,1,0026*4C,Misc,Remains of a water fountain,,5540,,,
47,47,56,122745.75,587528.788,N,6139304.992,E,4,13,0.8,9.318,M,39.466,M,0.8,0026*44,Misc,Remains of a book stand,,,,,
48,48,3,114030.45,587584.0929,N,6139145.504,E,4,13,0.8,8.272,M,39.466,M,1.5,0026*4D,Rock,,,,,,
49,49,77,124326.25,587563.3435,N,6139327.735,E,4,13,0.8,8.99,M,39.466,M,1.3,0009*49,Rock,,,2673,,,
50,50,79,124827.3,587570.5449,N,6139324.371,E,4,12,0.9,8.746,M,39.466,M,1.3,0009*41,Rock,,,4662,,,
51,51,80,124847,587571.5929,N,6139324.369,E,4,12,0.9,8.873,M,39.466,M,2,0009*4C,Rock,,,7144,,,
52,52,15,115426.75,587548.1859,N,6139185.58,E,4,12,0.8,8.707,M,39.466,M,1.8,0026*44,Statue,,,11587,,,
53,53,101,131719.35,587630.3827,N,6139321.878,E,4,9,1.9,7.406,M,39.466,M,1.4,0009*4A,Statue,,,4667,,,
54,54,1,113929.15,587582.7845,N,6139146.168,E,4,14,0.8,7.861,M,39.466,M,1.1,0026*4C,Trash Can,,,5550,,,
55,55,16,115514.1,587535.117,N,6139186.546,E,4,8,1.5,8.894,M,39.466,M,1.1,0026*4C,Trash Can,,,8583,,,
56,56,20,115838.1,587524.348,N,6139213.792,E,4,9,1.6,8.68,M,39.466,M,2.1,0026*47,Trash Can,,,,,,
57,57,27,121541.1,587510.8902,N,6139236.054,E,4,16,0.7,9.065,M,39.466,M,1.1,0026*46,Trash Can,,,4671,,,
58,58,28,121553.35,587510.6128,N,6139237.16,E,4,15,0.7,9.054,M,39.466,M,1.4,0026*45,Trash Can,,,1303,,,
59,59,42,122031.75,587502.6417,N,6139292.362,E,4,15,0.7,9.473,M,39.466,M,0.8,0026*4F,Trash Can,,,,,,
60,60,50,122406.55,587516.0084,N,6139294.569,E,4,15,0.7,9.395,M,39.466,M,1.5,0026*4C,Trash Can,,,8579,,,
61,61,50,122432.65,587517.6145,N,6139294.732,E,4,15,0.7,9.357,M,39.466,M,0.6,0026*48,Trash Can,,,5541,,,
62,62,53,122547.65,587521.9165,N,6139290.246,E,4,13,0.9,9.32,M,39.466,M,1.6,0026*49,Trash Can,,,4657,,,
63,63,53,122607.1,587522.4099,N,6139289.013,E,4,13,0.9,9.281,M,39.466,M,1.1,0026*46,Trash Can,,,10207,,,
64,64,54,122635.2,587528.3386,N,6139292.364,E,4,13,0.8,9.35,M,39.466,M,1.2,0026*4E,Trash Can,,,2672,,,
65,65,55,122654.75,587527.7735,N,6139293.288,E,4,12,1,9.359,M,39.466,M,1.8,0026*43,Trash Can,,,5526,,,
66,66,56,122727.25,587525.8071,N,6139299.843,E,4,12,1,9.329,M,39.466,M,1.3,0026*44,Trash Can,,,5539,,,
67,67,73,123718.4,587531.722,N,6139316.24,E,4,13,0.8,8.697,M,39.466,M,1.4,0009*45,Trash Can,,,11596,,,
68,68,73,123744.15,587541.4651,N,6139324.79,E,4,13,0.8,8.71,M,39.466,M,1.1,0009*41,Trash Can,,,2683,,,
69,69,93,130849.45,587598.1901,N,6139336.928,E,4,12,0.8,8.172,M,39.466,M,1.5,0009*43,Trash Can,,,7141,,,
70,70,103,132526.8,587667.739,N,6139328.935,E,4,8,1.8,7.352,M,39.466,M,0.8,0009*4F,Trash Can,,,,,,
71,71,0,113857.65,587581.8709,N,6139140.647,E,4,8,1.2,8.183,M,39.466,M,1.6,0026*47,Tree,,,,,,
72,72,4,114225.1,587593.6345,N,6139135.315,E,4,9,1.2,8.738,M,39.466,M,1.1,0026*4B,Tree,,,,,,
73,73,5,114312.75,587598.2744,N,6139147.735,E,4,11,0.9,7.505,M,39.466,M,1.8,0026*49,Tree,,,,,,
74,74,6,114333.05,587600.2966,N,6139147.498,E,4,10,1.5,8.138,M,39.466,M,2,0026*42,Tree,,,,,,
75,75,7,114420.55,587601.9771,N,6139150.233,E,4,8,2,7.426,M,39.466,M,1.5,0026*48,Tree,,,32692,,,
76,76,8,114441.75,587604.6911,N,6139148.441,E,4,13,0.7,8.302,M,39.466,M,1.8,0026*43,Tree,Young tree,,,,,
77,77,9,114608.2,587613.526,N,6139150.224,E,4,12,0.8,7.409,M,39.466,M,1.2,0026*48,Tree,,,,,,
78,78,9,114651.05,587614.847,N,6139149.657,E,4,13,0.7,7.384,M,39.466,M,1,0026*46,Tree,,,,,,
79,79,10,114731.9,587618.3438,N,6139147.051,E,4,12,0.8,7.55,M,39.466,M,0.9,0026*4B,Tree,,,,,,
80,80,11,,587562.4078,N,6139146.827,E,,,,,,,,,,Tree,Totalstation,,,,,
81,81,12,,587559.6287,N,6139147.082,E,,,,,,,,,,Tree,Totalstation,,,,,
82,82,13,,587557.0447,N,6139160.3,E,,,,,,,,,,Tree,Totalstation,,22539,,1034116315,
83,83,14,115351.2,587538.1597,N,6139177.867,E,4,7,10.1,9.001,M,39.466,M,1.2,0026*7A,Tree,,,28438,,,
84,84,17,,587532.8715,N,6139186.364,E,,,,,,,,,,Tree,Totalstation,,11886,,,
85,85,18,,587525.3876,N,6139196.127,E,,,,,,,,,,Tree,Totalstation,,22527,,,
86,86,19,115822.2,587525.915,N,6139208.017,E,4,8,1.7,8.767,M,39.466,M,1.2,0026*44,Tree,,,,,,
87,87,21,115858.1,587519.4675,N,6139217.768,E,4,8,1.9,8.96,M,39.466,M,1.1,0026*4A,Tree,,,19487,,,
88,88,22,,587510.6734,N,6139216.319,E,,,,,,,,,,Tree,Totalstation,,32698,,,
89,89,23,,587510.7018,N,6139213.997,E,,,,,,,,,,Tree,Totalstation,,,,,
90,90,24,,587514.7355,N,6139208.637,E,,,,,,,,,,Tree,Totalstation,,8165,,,
91,91,24,,587507.8899,N,6139224.073,E,,,,,,,,,,Tree,Totalstation,,,,,
92,92,25,,587517.0086,N,6139224.392,E,,,,,,,,,,Tree,Totalstation,,8166,,,
93,93,26,,587514.5028,N,6139231.651,E,,,,,,,,,,Tree,Totalstation,,32699,,,
94,94,29,121625.25,587512.4442,N,6139245.675,E,4,13,0.8,8.803,M,39.466,M,1.3,0026*40,Tree,,,,,,
95,95,58,122834.35,587533.1218,N,6139307.363,E,4,7,3.4,8.918,M,39.466,M,1.4,0026*41,Tree,,,8322,,1034116325,
96,96,73,123852.2,587549.2145,N,6139333.739,E,4,8,1.4,7.646,M,39.466,M,1.2,0009*4D,Tree,,,,,,
97,97,73,123924.85,587550.6021,N,6139334.157,E,4,12,1,7.751,M,39.466,M,1.9,0009*47,Tree,,,,,,
98,98,74,123941.4,587550.5814,N,6139334.624,E,4,7,4.1,7.573,M,39.466,M,1.4,0009*41,Tree,,,,,,
99,99,75,124013.35,587554.5026,N,6139336.453,E,4,12,1,7.74,M,39.466,M,1.4,0009*4A,Tree,,,,,,
100,100,76,124105.95,587563.2549,N,6139333.346,E,4,10,1.4,8.297,M,39.466,M,0.9,0009*4A,Tree,,,19490,,1034116324,
101,101,76,124228.65,587563.2684,N,6139338.251,E,4,6,3.6,7.597,M,39.466,M,0.6,0009*41,Tree,,,,,,
102,102,78,124349.7,587570.9102,N,6139336.06,E,4,9,1.4,8.266,M,39.466,M,0.7,0009*45,Tree,,,18035,,1034116323,
103,103,78,124442.05,587570.2735,N,6139339.624,E,4,12,1,7.556,M,39.466,M,2,0009*46,Tree,,,,,,
104,104,78,124541.6,587565.6407,N,6139318.499,E,4,10,1.1,7.702,M,39.466,M,1.6,0009*47,Tree,,,,,,
105,105,78,124746.9,587568.0324,N,6139319.756,E,4,6,1.8,7.906,M,39.466,M,1.9,0009*41,Tree,,,,,,
106,106,81,124929.35,587577.9365,N,6139340.035,E,4,9,1.2,7.876,M,39.466,M,1.4,0009*4F,Tree,,,25490,,,
107,107,82,125056.4,587581.4055,N,6139341.599,E,4,6,8,7.173,M,39.466,M,1.4,0009*46,Tree,,,,,,
108,108,82,125143.4,587582.3196,N,6139340.778,E,4,8,1.7,10.398,M,39.466,M,1.4,0009*75,Tree,,,,,,
109,109,82,125254.6,587582.5499,N,6139343.029,E,4,8,3.5,7.459,M,39.466,M,1.6,0009*45,Tree,,,,,,
110,110,83,125334.95,587587.3075,N,6139340.326,E,4,5,5.5,8.38,M,39.466,M,0.9,0009*40,Tree,,,,,,
111,111,83,125435.45,587589.6687,N,6139339.927,E,4,8,1.3,8.268,M,39.466,M,1.5,0009*4A,Tree,,,5128,,,
112,112,84,130134.95,587584.795,N,6139342.026,E,5,7,2.2,9.731,M,39.466,M,4,0009*4E,Tree,,,11899,,,
113,113,85,130200.05,587586.3905,N,6139344.1,E,5,8,1.8,8.785,M,39.466,M,1,0009*47,Tree,,,,,,
114,114,87,130235.4,587589.4676,N,6139345.388,E,5,7,1.5,9.322,M,39.466,M,1.4,0009*42,Tree,,,,,,
115,115,88,130249.4,587589.5961,N,6139344.379,E,5,7,2.1,6.316,M,39.466,M,1.4,0009*45,Tree,,,,,,
116,116,89,130306.55,587590.4986,N,6139344.684,E,5,10,1.1,7.601,M,39.466,M,1.5,0009*4D,Tree,,,,,,
117,117,89,130346.75,587591.4184,N,6139345.301,E,5,7,2.2,5.964,M,39.466,M,1.8,0009*46,Tree,,,,,,
118,118,90,130419.85,587592.502,N,6139346.06,E,5,9,1.3,7.945,M,39.466,M,0.9,0009*4C,Tree,,,,,,
119,119,91,130512.25,587596.3222,N,6139346.179,E,4,8,1.5,10.352,M,39.466,M,1.3,0009*72,Tree,Area with multiple trees,,,,,
120,120,92,130740.6,587604.7242,N,6139351.26,E,4,7,2.2,9.368,M,39.466,M,1.6,0009*43,Tree,,,,,,
121,121,93,130927.2,587592.8382,N,6139329.327,E,4,7,2.5,8.209,M,39.466,M,1.2,0009*46,Tree,,,18014,,,
122,122,94,130959.9,587607.8783,N,6139331.303,E,4,8,1.4,7.496,M,39.466,M,1.9,0009*4E,Tree,,,5185,,,
123,123,94,131053.45,587612.355,N,6139327.464,E,4,4,10.8,8.818,M,39.466,M,1.5,0009*71,Tree,,,22533,,,
124,124,95,131138.45,587617.8795,N,6139332.244,E,4,8,1.4,10.133,M,39.466,M,1.5,0009*7B,Tree,,,5114,,,
125,125,96,131213.2,587619.0647,N,6139340.358,E,4,6,2.5,7.747,M,39.466,M,1.2,0009*44,Tree,,,22531,,1034116493,
126,126,97,131239.3,587622.9009,N,6139334.508,E,4,7,2.6,7.708,M,39.466,M,1.3,0009*4C,Tree,,,5139,,,
127,127,98,131308.4,587630.9692,N,6139343.15,E,4,11,1.2,8.11,M,39.466,M,1.4,0009*40,Tree,,,,,,
128,128,98,131412.75,587627.4278,N,6139331.527,E,4,11,1.1,10.532,M,39.466,M,1.8,0009*7D,Tree,,,,,,
129,129,99,131426.95,587629.7509,N,6139328.832,E,2,14,0.7,8.136,M,39.466,M,0.9,0009*4B,Tree,,,,,,
130,130,99,131441.55,587626.0767,N,6139325.16,E,4,6,3.2,10.731,M,39.466,M,1.5,0009*77,Tree,,,,,,
131,131,100,131717,587630.3823,N,6139321.868,E,4,9,1.9,7.407,M,39.466,M,2,0009*4E,Tree,,,,,,
132,132,101,131816.3,587631.3792,N,6139317.296,E,4,8,1.4,9.941,M,39.466,M,1.3,0009*4B,Tree,,One of these (101 trees) do not have a picture,,,,
133,133,101,131855.8,587631.2633,N,6139315.543,E,4,10,1.1,7.327,M,39.466,M,0.8,0009*43,Tree,,One of these (101 trees) do not have a picture,,,,
134,134,101,131937.05,587633.1204,N,6139313.661,E,4,11,1.1,7.301,M,39.466,M,2,0009*47,Tree,,One of these (101 trees) do not have a picture,,,,
135,135,101,132023.4,587638.3488,N,6139312.236,E,4,9,1.3,7.413,M,39.466,M,1.4,0009*46,Tree,,One of these (101 trees) do not have a picture,,,,
136,136,102,132026.25,587638.2552,N,6139312.263,E,4,10,1.1,7.442,M,39.466,M,1.3,0009*4B,Tree,,,,,,
137,137,103,132251.7,587640.3089,N,6139312.606,E,4,8,2.2,6.926,M,39.466,M,0.7,0009*42,Tree,,,,,,
138,138,103,132304.45,587642.7606,N,6139312.718,E,4,8,2.2,6.998,M,39.466,M,1.5,0009*4F,Tree,,,,,,
139,139,103,132404.55,587643.7988,N,6139317.26,E,4,9,1.9,7.873,M,39.466,M,1.5,0009*4F,Tree,,,,,1034116457,
140,141,1,114714.85,587705.5969,N,6139298.766,E,4,7,3.5,8.466,M,39.459,M,0.9,0030*46,Bench,,,,,,
141,142,2,114740.9,587704.0873,N,6139296.805,E,4,10,1.4,8.4,M,39.459,M,0.9,0030*45,Trash Can,,,,,,
142,143,3,114800.35,587702.3951,N,6139294.888,E,4,8,1.9,8.671,M,39.459,M,1.4,0030*41,Bench,,,,,,
143,144,4,114904.45,587695.1509,N,6139288.199,E,4,8,2.3,8.35,M,39.459,M,1.5,0030*44,Tree,Stump,,,,,
144,145,5,114936.2,587690.7974,N,6139277.141,E,4,9,1.7,8.237,M,39.459,M,1.2,0030*4E,Tree,Stump,,,,,
145,146,6,114958.5,587686.4038,N,6139272.844,E,4,9,1.6,7.737,M,39.459,M,1.5,0030*44,Manhole Cover,Stone,,,,,
146,147,7,115018.25,587690.3169,N,6139268.171,E,4,7,2.6,7.701,M,39.459,M,1.3,0030*43,Misc,Swingset,,,,,
147,148,8,115042,587689.4772,N,6139263.908,E,4,8,2.3,7.702,M,39.459,M,2,0030*4D,Misc,Swingset,,,,,
148,149,9,115120.85,587675.1572,N,6139276.661,E,4,9,1.4,8.515,M,39.459,M,1.9,0030*41,Bench,Table with benches,,,,,
149,150,10,115156.1,587668.1657,N,6139259.906,E,4,10,1.3,7.721,M,39.459,M,1.1,0030*46,Statue,,,,,,
150,151,11,,587695.2526,N,6139246.47,E,,,,,,,,,,Tree,Totalstation,,,,,
151,152,12,115506.85,587695.0689,N,6139239.509,E,4,6,15,8.564,M,39.459,M,0.9,0030*73,Tree,,,,,,
152,153,13,115537.5,587689.8537,N,6139239.344,E,4,5,5.6,8.482,M,39.459,M,1.5,0030*4F,Tree,,,,,,
153,154,14,,587678.672,N,6139237.572,E,,,,,,,,,,Tree,Totalstation,,,,,
154,155,15,115703.65,587678.5649,N,6139226.891,E,4,6,2.8,2.155,M,39.459,M,1.6,0030*41,Tree,,,,,,
155,156,16,115913.35,587687.4192,N,6139226.284,E,4,6,2.9,8.626,M,39.459,M,1.4,0030*4F,Light Fixture,,,,,,
156,157,17,120704.9,587564.9233,N,6139249.924,E,4,10,1.4,9.047,M,39.459,M,1.9,0020*4B,Light Fixture,,,,,,
157,158,18,120732.45,587559.0708,N,6139252.236,E,4,11,1.3,9.084,M,39.459,M,1.5,0020*4E,Trash Can,,,,,,
158,159,19,120857.65,587553.7186,N,6139222.726,E,4,10,1.1,8.145,M,39.459,M,1.6,0020*40,Trash Can,,,,,,
159,160,20,120907.95,587553.678,N,6139221.642,E,4,9,1.4,8.107,M,39.459,M,2,0020*46,Trash Can,,,,,,
160,161,21,120928.8,587549.0193,N,6139215.403,E,4,12,1,8.042,M,39.459,M,1.8,0020*47,Tree,Small tree with supports,,,,,
161,162,22,120956.6,587545.947,N,6139219.19,E,4,13,0.9,7.955,M,39.459,M,1.6,0020*4E,Tree,Small tree with supports,,,,,
162,163,23,121019.2,587544.904,N,6139214.442,E,4,13,0.9,7.94,M,39.459,M,1.2,0020*48,Tree,Small tree with supports,,,,,
163,164,24,121045,587549.1804,N,6139205.087,E,4,13,0.9,7.888,M,39.459,M,2,0020*49,Tree,,,,,,
167,168,28,121500.95,587497.4533,N,6139274.947,E,4,13,0.9,8.832,M,39.459,M,0.9,0020*4F,Trash Can,,,,,,
168,169,29,121707.3,587530.7754,N,6139276.476,E,4,11,1,9.151,M,39.459,M,1.3,0020*4F,Light Fixture,,,,,,
169,170,30,121738.35,587536.4541,N,6139268.97,E,4,12,1,9.071,M,39.459,M,1.4,0020*4D,Trash Can,,,,,,
170,171,31,121758.95,587537.2132,N,6139268.202,E,4,13,1,9.071,M,39.459,M,2,0020*42,Trash Can,,,,,,
171,172,32,121821,587541.608,N,6139272.668,E,4,11,1.2,9.146,M,39.459,M,1,0020*45,Trash Can,,,,,,
172,173,33,121839.85,587542.4552,N,6139271.899,E,4,12,1,9.143,M,39.459,M,1.9,0020*47,Trash Can,,,,,,
173,174,34,121901.75,587549.0555,N,6139265.586,E,4,13,1,9.072,M,39.459,M,1.8,0020*40,Trash Can,,,,,,
174,175,35,121936.75,587544.9799,N,6139261.031,E,4,12,1.1,9.073,M,39.459,M,1.8,0020*4E,Light Fixture,,,,,,
175,176,36,122100.15,587565.4632,N,6139300.707,E,4,10,1.3,7.945,M,39.459,M,1.1,0020*4D,Statue,,,,,,
176,177,37,122130.4,587577.8203,N,6139294.024,E,4,12,1,8.087,M,39.459,M,1.4,0020*4F,Trash Can,,,,,,
177,178,38,122143.5,587578.2014,N,6139292.986,E,4,13,1,8.134,M,39.459,M,1.5,0020*4A,Trash Can,,,,,,
178,179,39,122218.35,587576.4845,N,6139284.748,E,4,12,1.1,8.131,M,39.459,M,1.4,0020*47,Tree,Small tree with supports,,,,,
179,180,40,122248.65,587577.5735,N,6139279.845,E,4,11,1.2,8.096,M,39.459,M,1.6,0020*47,Tree,Small tree with supports,,,,,
180,181,41,122326.1,587573.2946,N,6139280.645,E,4,12,1.1,8.158,M,39.459,M,1.1,0020*46,Tree,Small tree with supports,,,,,
181,182,42,122400.85,587589.1467,N,6139297.567,E,4,12,1,7.816,M,39.459,M,0.9,0020*41,Tree,,,,,,
182,183,43,122437.65,587599.8685,N,6139280.459,E,4,10,1.1,7.816,M,39.459,M,1.6,0020*4C,Tree,,,,,,
,184,,,587667.6695,N,6139229.953,E,,,,,,,,,,Light Fixture,Totalstation,,,,,
,185,,,587667.0695,N,6139230.21,E,,,,,,,,,,Trash Can,Totalstation,,,,,
,186,,,587647.7988,N,6139233.698,E,,,,,,,,,,Light Fixture,Totalstation,,,,,
,187,,,587627.8413,N,6139237.384,E,,,,,,,,,,Light Fixture,Totalstation,,,,,
,188,,,587609.5422,N,6139240.655,E,,,,,,,,,,Trash Can,Totalstation,,,,,
,189,,,587608.1814,N,6139240.901,E,,,,,,,,,,Light Fixture,Totalstation,,,,,
,190,,,587586.3782,N,6139244.839,E,,,,,,,,,,Light Fixture,Totalstation,,,,,
,191,,,587668.1442,N,6139227.888,E,,,,,,,,,,Tree,Totalstation,,,,,
,192,,,587667.1889,N,6139218.775,E,,,,,,,,,,Tree,Totalstation,,,,,
,193,,,587667.4452,N,6139211.199,E,,,,,,,,,,Tree,Totalstation,,,,,
,194,,,587673.9552,N,6139205.528,E,,,,,,,,,,Tree,Totalstation,,,,,
,195,,,587667.4623,N,6139205.273,E,,,,,,,,,,Tree,Totalstation,,,,,
,196,,,587665.1765,N,6139203.788,E,,,,,,,,,,Tree,Totalstation,,,,,
,197,,,587673.4943,N,6139201.763,E,,,,,,,,,,Tree,Totalstation,,,,,
,198,,,587672.202,N,6139197.857,E,,,,,,,,,,Tree,Totalstation,,,,,
,199,,,587659.0073,N,6139203.166,E,,,,,,,,,,Tree,Totalstation,,,,,
,200,,,587659.0376,N,6139203.138,E,,,,,,,,,,Tree,Totalstation,,,,,
,201,,,587656.1417,N,6139199.504,E,,,,,,,,,,Tree,Totalstation,,,,,
,202,,,587651.5974,N,6139197.286,E,,,,,,,,,,Tree,Totalstation,,,,,
,203,,,587656.0453,N,6139193.781,E,,,,,,,,,,Tree,Totalstation,,,,,
,204,,,587652.5706,N,6139188.855,E,,,,,,,,,,Tree,Totalstation,,,,,
,205,,,587656.1474,N,6139185.194,E,,,,,,,,,,Tree,Totalstation,,,,,
,206,,,587653.0662,N,6139175.711,E,,,,,,,,,,Tree,Totalstation,,,,,
,207,,,587661.366,N,6139170.964,E,,,,,,,,,,Tree,Totalstation,,,,,
,208,,,587655.1779,N,6139214.716,E,,,,,,,,,,Tree,Totalstation,,,,,
,209,,,587648.248,N,6139197.686,E,,,,,,,,,,Tree,Totalstation,,,,,
,210,,,587646.5424,N,6139204.341,E,,,,,,,,,,Tree,Totalstation,,,,,
,211,,,587644.1543,N,6139207.498,E,,,,,,,,,,Tree,Totalstation,,,,,
,212,,,587642.3666,N,6139210.663,E,,,,,,,,,,Tree,Totalstation,,,,,
,213,,,587642.4925,N,6139213.631,E,,,,,,,,,,Tree,Totalstation,,,,,
,214,,,587647.5753,N,6139216.125,E,,,,,,,,,,Tree,Totalstation,,,,,
,215,,,587642.612,N,6139213.663,E,,,,,,,,,,Tree,Totalstation,,,,,
,216,,,587644.2591,N,6139221.758,E,,,,,,,,,,Tree,Totalstation,,,,,
,217,,,587647.6696,N,6139223.33,E,,,,,,,,,,Tree,Totalstation,,,,,
,218,,,587644.8221,N,6139226.172,E,,,,,,,,,,Tree,Totalstation,,,,,
,219,,,587642.857,N,6139226.02,E,,,,,,,,,,Tree,Totalstation,,,,,
,220,,,587650.1552,N,6139227.578,E,,,,,,,,,,Tree,Totalstation,,,,,
,221,,,587651.7423,N,6139232.103,E,,,,,,,,,,Tree,Totalstation,,,,,
,222,,,587660.121,N,6139230.449,E,,,,,,,,,,Tree,Totalstation,,,,,
,223,,,587655.4286,N,6139224.245,E,,,,,,,,,,Tree,Totalstation,,,,,
,224,,,587663.1585,N,6139217.651,E,,,,,,,,,,Tree,Totalstation,,,,,
,225,,,587665.9732,N,6139226.1,E,,,,,,,,,,Tree,Totalstation,,,,,
,226,,,587641.9456,N,6139166.062,E,,,,,,,,,,Bench,Totalstation,,,,,
,227,,,587641.8985,N,6139168.562,E,,,,,,,,,,Trash Can,Totalstation,,,,,
,228,,,587558.4301,N,6139157.477,E,,,,,,,,,,Tree,Totalstation,,,,,
,230,,,587578.286,N,6139160.827,E,,,,,,,,,,Tree,Totalstation,,,,,
,231,,,587582.1612,N,6139169.765,E,,,,,,,,,,Tree,Totalstation,,,,,
,232,,,587582.9981,N,6139174.263,E,,,,,,,,,,Tree,Totalstation,,,,,
,233,,,587581.9596,N,6139177.917,E,,,,,,,,,,Tree,Totalstation,,,,,
,234,,,587585.1839,N,6139177.787,E,,,,,,,,,,Tree,Totalstation,,,,,
,235,,,587587.0434,N,6139173.44,E,,,,,,,,,,Tree,Totalstation,,,,,
,236,,,587601.4009,N,6139184.618,E,,,,,,,,,,Tree,Totalstation,,,,,
,237,,,587597.2783,N,6139195.324,E,,,,,,,,,,Tree,Totalstation,,,,,
,238,,,587610.1885,N,6139235.31,E,,,,,,,,,,Tree,Totalstation,,,,,
,239,,,587602.9958,N,6139237.77,E,,,,,,,,,,Tree,Totalstation,,,,,
,240,,,587596.7867,N,6139238.531,E,,,,,,,,,,Tree,Totalstation,,,,,
,241,,,587602.2807,N,6139251.859,E,,,,,,,,,,Tree,Totalstation,,,,,
,242,,,587602.5618,N,6139255.745,E,,,,,,,,,,Tree,Totalstation,,,,,
,243,,,587606.529,N,6139255.986,E,,,,,,,,,,Tree,Totalstation,,,,,
,244,,,587612.7853,N,6139255.039,E,,,,,,,,,,Tree,Totalstation,,,,,
,245,,,587619.582,N,6139250.254,E,,,,,,,,,,Tree,Totalstation,,,,,
,246,,,587602.4626,N,6139266.529,E,,,,,,,,,,Tree,Totalstation,,,,,
,247,,,587612.0707,N,6139262.551,E,,,,,,,,,,Tree,Totalstation,,,,,
,248,,,587613.3018,N,6139269.42,E,,,,,,,,,,Tree,Totalstation,,,,,
,249,,,587610.033,N,6139283.728,E,,,,,,,,,,Tree,Totalstation,,,,,
,250,,,587637.0743,N,6139268.489,E,,,,,,,,,,Tree,Totalstation,,,,,
,251,,,587638.0316,N,6139275.145,E,,,,,,,,,,Tree,Totalstation,,,,,
,252,,,587641.2248,N,6139270.016,E,,,,,,,,,,Tree,Totalstation,,,,,
,253,,,587628.0939,N,6139261.09,E,,,,,,,,,,Tree,Totalstation,,,,,
,254,,,587625.111,N,6139259.564,E,,,,,,,,,,Tree,Totalstation,,,,,
,255,,,587623.281,N,6139268.761,E,,,,,,,,,,Bench,Totalstation,,,,,
,256,,,587619.8939,N,6139269.277,E,,,,,,,,,,Bench,Totalstation,,,,,
,257,,,587617.5651,N,6139269.637,E,,,,,,,,,,Trash Can,Totalstation,,,,,
,258,,,587636.5072,N,6139249.397,E,,,,,,,,,,Tree,Totalstation,,,,,
,259,,,587641.4826,N,6139246.801,E,,,,,,,,,,Tree,Totalstation,,,,,
,260,,,587643.5411,N,6139249.079,E,,,,,,,,,,Tree,Totalstation,,,,,
,261,,,587646.1232,N,6139252.821,E,,,,,,,,,,Tree,Totalstation,,,,,
,262,,,587594.0994,N,6139222.703,E,,,,,,,,,,Trash Can,Totalstation,,,,,
,263,,,587600.5614,N,6139208.622,E,,,,,,,,,,Bench,Totalstation,,,,,
,264,,,587591.6651,N,6139195.532,E,,,,,,,,,,Bench,Totalstation,,,,,
,265,,,587597.7109,N,6139184.781,E,,,,,,,,,,Bench,Totalstation,,,,,
,266,,,587597.563,N,6139257.091,E,,,,,,,,,,Tree,Totalstation,,,,,
,267,,,587588.7759,N,6139255.278,E,,,,,,,,,,Tree,Totalstation,,,,,
,268,,,587584.0222,N,6139256.167,E,,,,,,,,,,Tree,Totalstation,,,,,
,269,,,587589.9256,N,6139259.988,E,,,,,,,,,,Tree,Totalstation,,,,,
,270,,,587587.0132,N,6139265.638,E,,,,,,,,,,Tree,Totalstation,,,,,
,271,,,587591.4375,N,6139271.655,E,,,,,,,,,,Tree,Totalstation,,,,,
