,Unnamed: 0,ID,x,y,time,NMEA_lat,latDir,NMEA_lon,lonDir,fix,nSat,hError,altitude,unit,height (datum),unit.1,dgpsAge,checksum,note,typename,sub category,ID.1,energifyn,fjernvarme,geodanmark,kortopslag,samaqua
0,7,9,590757.3809,6136657.137,102035.2,5522.069508,N,1025.917802,E,4,9,,25.512,M,39.413,M,1.2,0008*7D,,Bench,,9,-,-,-,-,-
1,9,11,590756.8872,6136664.245,102125.8,5522.073345,N,1025.917473,E,4,9,,21.996,M,39.413,M,1.8,0008*73,,Bench,,11,-,-,-,-,-
2,11,13,590756.2554,6136670.152,102147.4,5522.076536,N,1025.91699,E,4,10,,21.92,M,39.413,M,1.4,0008*74,,Bench,,13,-,-,-,-,-
3,30,33,590743.8481,6136668.836,102758.25,5522.075964,N,1025.905223,E,4,9,,21.907,M,39.413,M,1.3,0008*70,,Bench,,33,-,-,-,-,-
4,31,34,590745.2021,6136662.991,102816.35,5522.072799,N,1025.90639,E,4,9,,21.95,M,39.413,M,1.4,0008*7B,,Bench,,34,-,-,-,-,-
5,35,38,590746.5306,6136657.09,102937.3,5522.069603,N,1025.907533,E,4,8,,21.87,M,39.413,M,1.3,0008*73,,Bench,,38,-,-,-,-,-
6,59,62,590702.9836,6136648.52,104136.95,5522.065467,N,1025.866155,E,4,8,,22.564,M,39.413,M,2,0008*7B,,Bench,,62,-,-,-,-,-
7,98,102,590668.704,6136714.398,105621.35,5522.101354,N,1025.834996,E,4,9,,22.923,M,39.413,M,1.4,0008*76,,Bench,,102,-,-,-,-,-
8,111,116,590661.1627,6136721.422,110414.95,5522.105223,N,1025.827996,E,4,8,,22.755,M,39.413,M,2,0008*7B,,Bench,,116,-,-,-,-,-
9,75,79,590680.2824,6136667.009,104645.45,5522.075684,N,1025.845032,E,4,10,,24.386,M,39.413,M,1.5,0008*76,,Building Corner,Bikeshed,79,-,-,-,-,-
10,76,80,590679.2224,6136677.029,104706.4,5522.081096,N,1025.844224,E,4,9,,24.301,M,39.413,M,1.4,0008*73,,Building Corner,Bikeshed,80,-,-,-,-,-
11,290,305,590658.3813,6136747.005,134114.2,5522.119043,N,1025.825861,E,4,7,,23.519,M,39.415,M,1.2,0024*7F,,Building Corner,,305,-,-,-,-,-
12,291,308,590649.5649,6136722.621,134241.2,5522.105998,N,1025.817044,E,4,6,,23.703,M,39.415,M,1.2,0024*75,,Building Corner,,308,-,-,-,-,-
13,292,309,590668.2255,6136642.006,134418,5522.062341,N,1025.833136,E,4,7,,23.249,M,39.415,M,1,0024*7C,,Building Corner,,309,-,-,-,-,-
14,20,22,590804.1427,6136658.254,102427.7,5522.069592,N,1025.962076,E,4,9,,21.416,M,39.413,M,1.7,0008*77,,Downspout Grille,Round Downspout Grille,22,-,-,-,-,-
15,23,25,590782.2905,6136666.554,102535.45,5522.074308,N,1025.941558,E,4,6,,21.476,M,39.413,M,1.5,0008*78,,Downspout Grille,,25,-,-,1103669907,-,-
16,26,28,590772.0163,6136665.624,102624.1,5522.073921,N,1025.931817,E,4,7,,21.706,M,39.413,M,1.1,0008*78,,Downspout Grille,,28,-,-,1034152777,-,-
17,27,30,590765.9665,6136665.039,102643.65,5522.073672,N,1025.92608,E,4,11,,21.766,M,39.413,M,1.6,0008*78,,Downspout Grille,,30,-,-,1103669436,-,-
18,28,31,590760.115,6136664.46,102713,5522.073425,N,1025.920532,E,4,8,,21.673,M,39.413,M,1,0008*78,,Downspout Grille,,31,-,-,1103669774,-,-
19,34,37,590740.5866,6136662.707,102912.35,5522.072697,N,1025.902017,E,4,7,,21.571,M,39.413,M,1.4,0008*72,,Downspout Grille,,37,-,-,1034152774,-,-
20,44,47,590722.681,6136660.873,103246.75,5522.071907,N,1025.885036,E,4,10,,21.43,M,39.413,M,1.8,0008*71,,Downspout Grille,,47,-,-,1103669749,-,-
21,49,52,590734.6841,6136662.079,103457.75,5522.072424,N,1025.896419,E,4,10,,21.717,M,39.413,M,0.8,0008*73,,Downspout Grille,,52,-,-,1103670043,-,-
22,50,53,590728.6669,6136661.479,103520.9,5522.072167,N,1025.890713,E,4,10,,21.645,M,39.413,M,0.9,0008*78,,Downspout Grille,,53,-,-,1034152772,-,-
23,51,54,590715.2557,6136649.412,103702.5,5522.065812,N,1025.877786,E,4,10,,21.669,M,39.413,M,1.5,0008*7C,,Downspout Grille,,54,-,-,-,-,-
24,61,64,590714.3474,6136659.793,104216.7,5522.071417,N,1025.877129,E,4,10,,21.984,M,39.413,M,1.7,0008*70,,Downspout Grille,,64,-,-,1103665914,-,-
25,65,68,590690.9995,6136649.655,104354.65,5522.066211,N,1025.854836,E,4,8,,21.737,M,39.413,M,1.6,0008*7B,,Downspout Grille,,68,-,-,-,-,-
26,84,88,590668.7161,6136659.415,105111.9,5522.071719,N,1025.833938,E,4,9,,22.111,M,39.413,M,0.9,0008*72,,Downspout Grille,,88,-,-,-,-,-
27,120,125,590638.1173,6136729.253,110742.45,5522.109699,N,1025.806339,E,5,8,,21.318,M,39.413,M,1.5,0008*77,,Downspout Grille,,125,-,-,-,-,-
28,124,129,590655.0675,6136733.757,111022.9,5522.111939,N,1025.822468,E,5,7,,25.155,M,39.413,M,0.9,0008*73,,Downspout Grille,,129,-,-,1034152871,-,-
29,126,131,590654.0463,6136742.482,111128.25,5522.116653,N,1025.821671,E,5,6,,24.576,M,39.413,M,1.3,0008*71,,Downspout Grille,,131,-,-,1034152870,-,-
30,133,139,590658.2642,6136792.045,111652.95,5522.14332,N,1025.826626,E,4,5,,23.161,M,39.413,M,2,0008*47,,Downspout Grille,Round Downspout Grille,139,-,-,-,-,-
31,141,147,590695.5806,6136746.064,112401.9,5522.118123,N,1025.861047,E,4,8,,21.452,M,39.413,M,0.9,0008*77,,Downspout Grille,Round Downspout Grille,147,-,-,-,-,-
32,143,149,590679.4414,6136744.3,112457.85,5522.117352,N,1025.845739,E,4,8,,21.711,M,39.413,M,0.9,0008*7E,,Downspout Grille,Round Downspout Grille,149,-,-,-,-,-
33,145,151,590705.291,6136738.324,112549.45,5522.113844,N,1025.870086,E,4,9,,21.431,M,39.413,M,1.5,0008*71,,Downspout Grille,Round Downspout Grille,151,-,-,1034152748,-,-
34,146,152,590713.9373,6136673.267,123431.2,5522.078684,N,1025.877003,E,4,11,,21.352,M,39.415,M,1.2,0024*73,,Downspout Grille,,152,-,-,1103669990,-,-
35,148,154,590727.6075,6136674.613,123526.8,5522.079258,N,1025.889966,E,4,11,,21.338,M,39.415,M,0.8,0024*76,,Downspout Grille,,154,-,-,1034152773,-,-
36,149,155,590740.6035,6136675.88,123601.85,5522.079797,N,1025.902289,E,4,12,,21.338,M,39.415,M,1.9,0024*7B,,Downspout Grille,,155,-,-,1034152775,-,-
37,150,156,590759.318,6136677.654,123710.65,5522.080545,N,1025.920034,E,4,6,,21.339,M,39.415,M,1.6,0024*71,,Downspout Grille,,156,-,-,1034152776,-,-
38,151,157,590774.0884,6136679.177,123733.55,5522.081202,N,1025.934042,E,4,7,,21.363,M,39.415,M,1.5,0024*77,,Downspout Grille,,157,-,-,1034152778,-,-
39,153,159,590790.5096,6136680.772,123822.15,5522.08188,N,1025.949613,E,4,10,,21.444,M,39.415,M,1.1,0024*7A,,Downspout Grille,,159,-,-,1034152780,-,-
40,154,160,590802.6467,6136679.81,123844.2,5522.081227,N,1025.96108,E,4,9,,21.801,M,39.415,M,1.2,0024*76,,Downspout Grille,Round Downspout Grille,160,-,-,-,-,-
41,157,163,590789.6432,6136693.606,123930.25,5522.088807,N,1025.949043,E,4,12,,22.18,M,39.415,M,1.3,0024*79,,Downspout Grille,,163,-,-,1034152765,-,-
42,158,164,590789.4173,6136695.865,123940.5,5522.090027,N,1025.948873,E,4,11,,22.375,M,39.415,M,1.5,0024*71,,Downspout Grille,,164,-,-,1034152764,-,-
43,160,166,590772.804,6136692.118,124029.6,5522.088192,N,1025.933078,E,4,5,,21.597,M,39.415,M,1.6,0024*4F,,Downspout Grille,,166,-,-,1034152767,-,-
44,161,167,590772.7328,6136694.252,124121.75,5522.089343,N,1025.933052,E,4,10,,21.39,M,39.415,M,1.8,0024*72,,Downspout Grille,,167,-,-,1034152766,-,-
45,162,169,590757.2931,6136690.532,124205,5522.087509,N,1025.918369,E,4,11,,22.275,M,39.415,M,1,0024*79,,Downspout Grille,,169,-,-,1034152768,-,-
46,163,171,590757.2695,6136692.788,124235.8,5522.088725,N,1025.91839,E,4,11,,22.283,M,39.415,M,0.8,0024*7C,,Downspout Grille,,171,-,-,-,-,-
47,165,173,590740.0535,6136691.095,124330.05,5522.088003,N,1025.902065,E,4,8,,22.134,M,39.415,M,3,0024*75,,Downspout Grille,,173,-,-,-,-,-
48,168,176,590740.6956,6136688.915,124411.75,5522.086821,N,1025.90263,E,4,12,,21.461,M,39.415,M,1.8,0024*70,,Downspout Grille,,176,-,-,1034152769,-,-
49,171,181,590722.6454,6136687.116,124544.65,5522.086052,N,1025.885513,E,4,9,,22.31,M,39.415,M,1.6,0024*7F,,Downspout Grille,,181,-,-,1034152770,-,-
50,172,182,590722.4992,6136689.388,124552.95,5522.087278,N,1025.885419,E,4,7,,22.579,M,39.415,M,0.9,0024*71,,Downspout Grille,,182,-,-,1034152771,-,-
51,174,184,590712.0139,6136692.718,124638,5522.089189,N,1025.875561,E,4,10,,21.429,M,39.415,M,1,0024*75,,Downspout Grille,,184,-,-,1103669971,-,-
52,177,187,590720.8185,6136707.299,124936.75,5522.09695,N,1025.884177,E,4,11,,22.384,M,39.415,M,1.8,0024*79,,Downspout Grille,,187,-,-,1034152752,-,-
53,178,188,590721.0992,6136705.025,124946.35,5522.095721,N,1025.884398,E,4,10,,22.252,M,39.415,M,1.4,0024*76,,Downspout Grille,,188,-,-,1034152753,-,-
54,180,190,590737.5433,6136708.894,125033.45,5522.097624,N,1025.900036,E,4,10,,22.294,M,39.415,M,1.5,0024*76,,Downspout Grille,,190,-,-,1034152754,-,-
55,181,191,590737.6874,6136706.6,125041.95,5522.096387,N,1025.900127,E,4,6,,22.197,M,39.415,M,0.9,0024*75,,Downspout Grille,,191,-,-,1034152755,-,-
56,182,192,590754.1734,6136710.525,125119.55,5522.098319,N,1025.915805,E,4,10,,22.308,M,39.415,M,1.5,0024*71,,Downspout Grille,,192,-,-,-,-,-
57,183,193,590753.6271,6136708.201,125129.65,5522.097073,N,1025.915243,E,4,8,,22.272,M,39.415,M,1.6,0024*78,,Downspout Grille,,193,-,-,-,-,-
58,188,198,590770.9027,6136712.174,125236.65,5522.099022,N,1025.931669,E,4,7,,22.33,M,39.415,M,0.6,0024*7C,,Downspout Grille,,198,-,-,1034152758,-,-
59,189,199,590771.0121,6136709.908,125245.25,5522.0978,N,1025.931729,E,4,8,,22.298,M,39.415,M,1.3,0024*78,,Downspout Grille,,199,-,-,1034152759,-,-
60,191,201,590787.5966,6136713.757,125333.5,5522.099691,N,1025.947499,E,4,8,,22.372,M,39.415,M,1.5,0024*7A,,Downspout Grille,,201,-,-,1034152761,-,-
61,192,202,590787.7756,6136711.438,125346.9,5522.098439,N,1025.947623,E,4,7,,22.274,M,39.415,M,0.9,0024*78,,Downspout Grille,,202,-,-,1034152760,-,-
62,198,208,590709.9723,6136714.029,125655.2,5522.100698,N,1025.874044,E,4,6,,21.393,M,39.415,M,1.2,0024*7B,,Downspout Grille,,208,-,-,1103669600,-,-
63,200,210,590718.981,6136725.189,125728.75,5522.106613,N,1025.882786,E,4,7,,22.316,M,39.415,M,1.8,0024*72,,Downspout Grille,,210,-,-,1034152750,-,-
64,201,211,590719.3122,6136723.019,125736.15,5522.10544,N,1025.883057,E,4,8,,22.134,M,39.415,M,1.1,0024*77,,Downspout Grille,,211,-,-,1103669801,-,-
65,204,214,590735.1617,6136726.942,125822.7,5522.107379,N,1025.898133,E,4,9,,22.194,M,39.415,M,1.7,0024*70,,Downspout Grille,,214,-,-,-,-,-
66,206,216,590739.6477,6136724.977,125840.65,5522.10627,N,1025.90234,E,4,10,,21.946,M,39.415,M,1.6,0024*7A,,Downspout Grille,,216,-,-,1034152757,-,-
67,209,219,590753.548,6136728.539,125933.75,5522.108036,N,1025.915564,E,4,8,,22.221,M,39.415,M,1.8,0024*70,,Downspout Grille,,219,-,-,-,-,-
68,210,220,590753.8792,6136726.31,125947.45,5522.10683,N,1025.915834,E,4,10,,22.203,M,39.415,M,1.5,0024*75,,Downspout Grille,,220,-,-,1034152756,-,-
69,211,221,590768.1704,6136730.008,130014.6,5522.108665,N,1025.929431,E,4,10,,22.166,M,39.415,M,1.6,0024*73,,Downspout Grille,,221,-,-,-,-,-
70,212,222,590768.1973,6136727.773,130026.4,5522.10746,N,1025.929413,E,4,9,,22.058,M,39.415,M,1.4,0024*7E,,Downspout Grille,,222,-,-,-,-,-
71,217,228,590785.8737,6136731.707,130141.5,5522.109384,N,1025.946218,E,4,8,,22.212,M,39.415,M,1.5,0024*7A,,Downspout Grille,,228,-,-,1034152763,-,-
72,218,229,590786.2483,6136729.551,130149.35,5522.108219,N,1025.94653,E,4,7,,22.16,M,39.415,M,1.4,0024*7E,,Downspout Grille,,229,-,-,1034152762,-,-
73,228,240,590707.9476,6136735.357,130735.55,5522.112216,N,1025.872542,E,4,9,,21.216,M,39.415,M,1.5,0024*78,,Downspout Grille,,240,-,-,1034152749,-,-
74,230,242,590704.4257,6136746.92,130819.3,5522.118487,N,1025.869434,E,4,7,,21.434,M,39.415,M,1.3,0024*77,,Downspout Grille,,242,-,-,1034152747,-,-
75,231,243,590705.575,6136750.322,130839.05,5522.120308,N,1025.870588,E,4,9,,21.816,M,39.415,M,2,0024*70,,Downspout Grille,,243,-,-,-,-,-
76,233,245,590704.4793,6136761.957,130920.25,5522.126591,N,1025.869778,E,4,9,,21.386,M,39.415,M,1.3,0024*78,,Downspout Grille,,245,-,-,-,-,-
77,239,252,590793.3217,6136779.726,131246.15,5522.135183,N,1025.954201,E,4,7,,21.303,M,39.415,M,1.1,0024*77,,Downspout Grille,Round Downspout Grille,252,-,-,-,-,-
78,246,259,590703.0502,6136776.731,131859.8,5522.13457,N,1025.868713,E,4,7,,21.246,M,39.415,M,1.8,0024*7E,,Downspout Grille,,259,-,-,-,-,-
79,251,264,590701.8774,6136790.757,132133.5,5522.142143,N,1025.867876,E,4,5,,22.272,M,39.415,M,1.5,0024*41,,Downspout Grille,,264,-,-,-,-,-
80,252,266,590700.372,6136805.328,132216.5,5522.150013,N,1025.866734,E,4,9,,21.346,M,39.415,M,1.5,0024*73,,Downspout Grille,,266,-,-,-,-,-
81,253,267,590698.9157,6136820.133,132248.4,5522.158008,N,1025.865644,E,4,8,,21.392,M,39.415,M,1.4,0024*75,,Downspout Grille,,267,-,-,-,-,-
82,256,270,590712.8207,6136837.393,132405.45,5522.167157,N,1025.879139,E,4,9,,21.992,M,39.415,M,1.5,0024*7E,,Downspout Grille,,270,-,-,1210521228,-,-
83,258,272,590732.1327,6136839.305,132442.75,5522.167974,N,1025.897453,E,4,7,,21.596,M,39.415,M,1.8,0024*76,,Downspout Grille,,272,-,-,-,-,-
84,260,274,590751.7621,6136841.167,132521.25,5522.16876,N,1025.916066,E,4,7,,21.55,M,39.415,M,1.3,0024*7E,,Downspout Grille,,274,-,-,-,-,-
85,262,276,590771.0625,6136842.998,132600.15,5522.169533,N,1025.934368,E,4,6,,21.5,M,39.415,M,1.1,0024*7D,,Downspout Grille,,276,-,-,-,-,-
86,266,280,590772.6647,6136823.146,132738.85,5522.158815,N,1025.935497,E,4,7,,22.019,M,39.415,M,1.9,0024*72,,Downspout Grille,,280,-,-,1202730952,-,-
87,268,282,590753.1619,6136821.166,132823.45,5522.157964,N,1025.917002,E,4,8,,21.759,M,39.415,M,1.5,0024*7A,,Downspout Grille,,282,-,-,1202730953,-,-
88,270,284,590733.9199,6136819.388,132903.85,5522.157219,N,1025.898757,E,4,9,,21.788,M,39.415,M,0.9,0024*71,,Downspout Grille,,284,-,-,1202730954,-,-
89,272,286,590714.5871,6136817.623,132946.55,5522.156482,N,1025.880426,E,4,7,,21.751,M,39.415,M,1.5,0024*70,,Downspout Grille,,286,-,-,1210521229,-,-
90,0,0,590802.4094,6136656.959,101532.8,5522.068913,N,1025.960411,E,4,10,,23.235,M,39.413,M,1.8,0008*7A,,Light Fixture,,0,-,-,1103669411,-,-
91,1,1,590780.4087,6136655.058,101617.85,5522.068133,N,1025.939553,E,4,7,,23.544,M,39.413,M,1.9,0008*76,,Light Fixture,,1,-,-,-,-,-
92,8,10,590758.2817,6136657.852,102046.2,5522.069884,N,1025.918668,E,4,9,,26.397,M,39.413,M,1.2,0008*7D,,Light Fixture,,10,-,-,1103669248,-,-
93,13,15,590757.2413,6136671.29,102209.95,5522.077138,N,1025.917945,E,4,11,,22.878,M,39.413,M,0.9,0008*70,,Light Fixture,,15,-,-,1103668986,-,-
94,24,26,590783.0888,6136672.062,102545.55,5522.077268,N,1025.942421,E,4,7,,22.916,M,39.413,M,1.5,0008*74,,Light Fixture,,26,-,-,1034152928,-,-
95,32,35,590744.0286,6136662.526,102836.25,5522.072561,N,1025.905271,E,4,10,,23.015,M,39.413,M,1.3,0008*70,,Light Fixture,,35,-,-,1103669265,-,-
96,41,44,590732.279,6136670.481,103149.35,5522.076979,N,1025.894306,E,4,8,,23.239,M,39.413,M,1.4,0008*71,,Light Fixture,,44,-,-,1034152930,-,-
97,45,48,590720.9219,6136652.468,103312.15,5522.067396,N,1025.883208,E,4,11,,23.213,M,39.413,M,1.1,0008*78,,Light Fixture,,48,-,-,1103668991,-,-
98,64,67,590697.9814,6136653.848,104332.85,5522.068394,N,1025.861525,E,4,11,,23.098,M,39.413,M,0.9,0008*7A,,Light Fixture,,67,-,-,1103669300,-,-
99,67,70,590685.913,6136652.113,104422.75,5522.067593,N,1025.850071,E,4,10,,22.125,M,39.413,M,0.8,0008*77,,Light Fixture,,70,-,-,1103669380,-,-
100,72,75,590681.2237,6136665.168,104542.5,5522.074681,N,1025.845887,E,4,9,,23.754,M,39.413,M,1.5,0008*76,,Light Fixture,,75,-,-,-,-,-
101,73,76,590682.3549,6136665.627,104551.75,5522.074916,N,1025.846966,E,4,9,,23.866,M,39.413,M,1.8,0008*7F,,Light Fixture,,76,-,-,-,-,-
102,74,77,590694.0107,6136666.796,104615.55,5522.075417,N,1025.858019,E,4,11,,23.64,M,39.413,M,1.5,0008*73,,Light Fixture,,77,-,-,-,-,-
103,77,81,590680.0192,6136685.799,104728.9,5522.085814,N,1025.845148,E,4,10,,23.652,M,39.413,M,0.9,0008*72,,Light Fixture,,81,-,-,-,-,-
104,78,82,590692.0472,6136686.933,104751.15,5522.086292,N,1025.856553,E,4,9,,23.875,M,39.413,M,1.1,0008*72,,Light Fixture,,82,-,-,-,-,-
105,81,85,590667.6587,6136685.514,104914.05,5522.085797,N,1025.833445,E,4,7,,26.933,M,39.413,M,1,0008*7A,,Light Fixture,,85,-,-,1034153008,-,-
106,82,86,590668.4292,6136670.136,105033.6,5522.0775,N,1025.833875,E,4,6,,23.923,M,39.413,M,1.6,0008*77,,Light Fixture,,86,-,-,1034153007,-,-
107,83,87,590664.0981,6136663.387,105055.95,5522.073911,N,1025.829645,E,4,8,,23.778,M,39.413,M,0.9,0008*7C,,Light Fixture,,87,-,-,-,-,-
108,97,101,590670.965,6136726.304,105559.65,5522.107746,N,1025.837367,E,4,11,,23.333,M,39.413,M,1.6,0008*71,,Light Fixture,,101,-,-,1034152988,-,-
109,104,108,590694.1468,6136697.373,105835.3,5522.091896,N,1025.858743,E,4,11,,23.211,M,39.413,M,1.3,0008*79,,Light Fixture,,108,-,-,1103669242,-,-
110,105,109,590671.0475,6136695.106,105923.15,5522.09093,N,1025.836839,E,4,8,,23.755,M,39.413,M,1.1,0008*7E,,Light Fixture,,109,-,-,-,-,-
111,106,111,590665.1929,6136703.938,110003.1,5522.095755,N,1025.83147,E,4,7,,23.586,M,39.413,M,1.1,0008*78,,Light Fixture,,111,-,-,-,-,-
112,115,120,590662.9143,6136731.493,110509.4,5522.110632,N,1025.829849,E,4,10,,22.988,M,39.413,M,1.4,0008*7D,,Light Fixture,,120,40024,-,1034152954,-,-
113,116,121,590653.7467,6136724.355,110528,5522.106886,N,1025.821035,E,4,7,,23.538,M,39.413,M,1,0008*70,,Light Fixture,,121,40023,-,-,-,-
114,118,123,590643.0604,6136722.292,110656.7,5522.105892,N,1025.810882,E,5,5,,29.655,M,39.413,M,1.7,0008*40,,Light Fixture,,123,-,-,-,-,-
115,122,127,590624.99,6136735.192,110907.6,5522.113046,N,1025.794031,E,5,6,,24.059,M,39.413,M,1.6,0008*73,,Light Fixture,,127,-,-,1034152974,-,-
116,125,130,590648.876,6136746.063,111102.25,5522.118641,N,1025.816847,E,5,6,,23.259,M,39.413,M,1.3,0008*73,,Light Fixture,Placed on building,130,40021,-,1034152975,-,-
117,127,132,590658.181,6136747.033,111213.85,5522.11906,N,1025.825672,E,4,9,,23.067,M,39.413,M,1.9,0008*70,,Light Fixture,Placed on building,132,-,-,-,-,-
118,131,137,590660.9939,6136772.188,111604.75,5522.132587,N,1025.828823,E,4,9,,24.423,M,39.413,M,1.8,0008*73,,Light Fixture,,137,40037,-,1034152955,-,-
119,132,138,590658.2496,6136796.273,111636.2,5522.145599,N,1025.826695,E,4,7,,24.784,M,39.413,M,1.2,0008*7E,,Light Fixture,,138,40036,-,1034152956,-,-
120,136,142,590684.9704,6136789.562,112102.35,5522.141686,N,1025.851852,E,4,8,,29.316,M,39.413,M,1.4,0008*76,,Light Fixture,,142,-,-,-,-,-
121,137,143,590692.1205,6136821.834,112152.85,5522.159001,N,1025.859246,E,4,10,,23.273,M,39.413,M,1.9,0008*7F,,Light Fixture,,143,-,-,1210520555,-,-
122,138,144,590694.5282,6136797.106,112222.05,5522.145646,N,1025.861044,E,4,5,,23.332,M,39.413,M,3,0008*75,,Light Fixture,,144,-,-,1210520554,-,-
123,139,145,590697.1481,6136772.115,112259.05,5522.132147,N,1025.863037,E,4,9,,23.193,M,39.413,M,2,0008*70,,Light Fixture,,145,-,-,1210520553,-,-
124,140,146,590699.172,6136749.591,112326.7,5522.119985,N,1025.864514,E,4,11,,23.281,M,39.413,M,1.7,0008*72,,Light Fixture,,146,-,-,1210520552,-,-
125,142,148,590691.9084,6136745.878,112414.15,5522.118064,N,1025.857568,E,4,7,,23.387,M,39.413,M,1.1,0008*74,,Light Fixture,,148,-,-,1034152952,-,-
126,156,162,590794.2904,6136695.09,123916.75,5522.089555,N,1025.95347,E,4,11,,22.96,M,39.415,M,1.8,0024*7E,,Light Fixture,,162,-,-,1034152926,-,-
127,159,165,590775.2385,6136693.23,124008.65,5522.088764,N,1025.935404,E,4,12,,22.877,M,39.415,M,0.6,0024*7B,,Light Fixture,,165,-,-,1034152925,-,-
128,164,172,590756.2123,6136691.574,124243.65,5522.088083,N,1025.917366,E,4,11,,22.797,M,39.415,M,1.6,0024*7C,,Light Fixture,,172,-,-,1034152924,-,-
129,167,175,590737.1153,6136689.593,124346.75,5522.087226,N,1025.899255,E,4,10,,22.796,M,39.415,M,0.8,0024*76,,Light Fixture,,175,-,-,1034152923,-,-
130,173,183,590718.0657,6136687.775,124611.1,5522.086458,N,1025.881192,E,4,7,,22.862,M,39.415,M,1.1,0024*74,,Light Fixture,,183,-,-,1034152922,-,-
131,176,186,590716.0642,6136705.656,124853.25,5522.096117,N,1025.879646,E,4,11,,23.043,M,39.415,M,1.3,0024*73,,Light Fixture,,186,-,-,1034152921,-,-
132,179,189,590735.1658,6136707.627,125013.45,5522.096968,N,1025.897761,E,4,9,,22.925,M,39.415,M,1.5,0024*7F,,Light Fixture,,189,-,-,1034152920,-,-
133,184,194,590754.2524,6136709.43,125139.65,5522.097728,N,1025.915859,E,4,11,,22.846,M,39.415,M,1.6,0024*71,,Light Fixture,,194,-,-,1034152919,-,-
134,190,200,590773.3177,6136711.187,125300,5522.098464,N,1025.933936,E,4,9,,22.837,M,39.415,M,2,0024*7F,,Light Fixture,,200,-,-,1034152918,-,-
135,193,203,590792.4826,6136713.064,125407.65,5522.099263,N,1025.952109,E,4,9,,22.895,M,39.415,M,1.6,0024*78,,Light Fixture,,203,-,-,1034152917,-,-
136,199,209,590714.2416,6136723.78,125716.65,5522.105906,N,1025.878274,E,4,8,,22.909,M,39.415,M,1.6,0024*76,,Light Fixture,,209,-,-,1034152912,-,-
137,203,213,590733.4204,6136725.508,125811.35,5522.106625,N,1025.896457,E,4,9,,22.92,M,39.415,M,1.4,0024*75,,Light Fixture,,213,-,-,1034152913,-,-
138,208,218,590752.5284,6136727.283,125914.85,5522.10737,N,1025.914575,E,4,8,,22.729,M,39.415,M,1.9,0024*7C,,Light Fixture,,218,-,-,1034152914,-,-
139,214,224,590771.6533,6136729.096,130055.05,5522.108135,N,1025.932709,E,4,10,,22.978,M,39.415,M,1,0024*74,,Light Fixture,,224,-,-,1034152915,-,-
140,219,230,590790.7998,6136730.943,130202.8,5522.108918,N,1025.950865,E,4,9,,22.917,M,39.415,M,0.8,0024*76,,Light Fixture,,230,-,-,1034152916,-,-
141,220,232,590779.7457,6136754.399,130319.55,5522.121683,N,1025.94086,E,4,10,,22.776,M,39.415,M,1.5,0024*78,,Light Fixture,,232,-,-,1034152911,-,-
142,221,233,590750.461,6136751.627,130358.85,5522.120514,N,1025.913092,E,4,12,,22.879,M,39.415,M,0.9,0024*73,,Light Fixture,,233,-,-,1034152910,-,-
143,227,239,590720.95,6136748.916,130700.75,5522.11938,N,1025.885111,E,4,10,,22.881,M,39.415,M,0.8,0024*74,,Light Fixture,,239,-,-,1034152909,-,-
144,234,246,590710.5403,6136763.068,130943.95,5522.127123,N,1025.875535,E,4,7,,22.934,M,39.415,M,2,0024*7B,,Light Fixture,,246,-,-,1034152908,-,-
145,235,247,590742.7301,6136773.417,131035.7,5522.132344,N,1025.9062,E,4,11,,23.445,M,39.415,M,1.7,0024*73,,Light Fixture,,247,-,-,1113474640,-,-
146,236,248,590753.2443,6136774.346,131052.6,5522.132728,N,1025.916168,E,4,9,,23.417,M,39.415,M,1.6,0024*7F,,Light Fixture,,248,-,-,1113474623,-,-
147,237,250,590785.2259,6136788.273,131159,5522.13988,N,1025.946706,E,4,10,,23.083,M,39.415,M,1,0024*70,,Light Fixture,,250,-,-,1034152977,-,-
148,241,254,590786.9618,6136770.617,131550.4,5522.130344,N,1025.948005,E,4,8,,22.975,M,39.415,M,1.4,0024*7B,,Light Fixture,,254,-,-,1034152976,-,-
149,242,255,590783.612,6136806.192,131653.95,5522.149556,N,1025.945528,E,4,9,,23.025,M,39.415,M,2,0024*75,,Light Fixture,,255,-,-,1034152905,-,-
150,243,256,590751.7561,6136790.107,131738.35,5522.14124,N,1025.915067,E,4,10,,23.476,M,39.415,M,1.4,0024*77,,Light Fixture,,256,-,-,1113474817,-,-
151,244,257,590741.1065,6136789.106,131759.5,5522.140818,N,1025.904969,E,4,8,,23.393,M,39.415,M,1.5,0024*7A,,Light Fixture,,257,-,-,1113474651,-,-
152,245,258,590709.0267,6136780.965,131839.1,5522.136786,N,1025.874451,E,4,9,,23.705,M,39.415,M,1.1,0024*75,,Light Fixture,,258,-,-,1034152907,-,-
153,255,269,590703.4487,6136836.388,132344.45,5522.16672,N,1025.87025,E,4,9,,23.031,M,39.415,M,1.5,0024*7D,,Light Fixture,,269,-,-,1034152898,-,-
154,257,271,590722.4858,6136838.354,132419.65,5522.167568,N,1025.888305,E,4,9,,23.181,M,39.415,M,1.6,0024*72,,Light Fixture,,271,-,-,1034152897,-,-
155,259,273,590741.7333,6136840.198,132502.7,5522.168349,N,1025.906556,E,4,10,,22.994,M,39.415,M,1.7,0024*74,,Light Fixture,,273,-,-,-,-,-
156,261,275,590760.7541,6136841.964,132539.2,5522.16909,N,1025.924592,E,4,9,,23.053,M,39.415,M,1.2,0024*73,,Light Fixture,,275,-,-,1034152899,-,-
157,263,277,590779.8001,6136843.831,132617.15,5522.169885,N,1025.942653,E,4,8,,23.028,M,39.415,M,1.1,0024*7B,,Light Fixture,,277,-,-,1034152896,-,-
158,264,278,590781.7473,6136824.222,132648.3,5522.159294,N,1025.944114,E,4,7,,23.105,M,39.415,M,1.3,0024*78,,Light Fixture,,278,-,-,1034152901,-,-
159,267,281,590762.6069,6136822.132,132802.4,5522.15838,N,1025.925959,E,4,7,,23.291,M,39.415,M,1.4,0024*72,,Light Fixture,,281,-,-,1034152900,-,-
160,269,283,590743.7865,6136820.358,132841.55,5522.157633,N,1025.908113,E,4,11,,23.118,M,39.415,M,1.5,0024*7B,,Light Fixture,,283,-,-,-,-,-
161,271,285,590724.6762,6136818.562,132926.35,5522.156876,N,1025.889993,E,4,9,,23.22,M,39.415,M,1.4,0024*7C,,Light Fixture,,285,-,-,1034152902,-,-
162,273,287,590705.6261,6136816.823,133021.5,5522.15615,N,1025.87193,E,4,9,,22.893,M,39.415,M,1.5,0024*75,,Light Fixture,,287,-,-,1034152903,-,-
163,274,288,590707.106,6136798.963,133046.45,5522.146508,N,1025.872983,E,4,7,,23.011,M,39.415,M,1.5,0024*77,,Light Fixture,,288,-,-,1034152906,-,-
164,3,4,590766.6229,6136656.923,101828.9,5522.069291,N,1025.926544,E,4,8,,21.5,M,39.413,M,0.9,0008*71,,Manhole Cover,Small Manhole Cover,4,-,-,-,-,-
165,4,5,590761.5688,6136651.825,101908.8,5522.066599,N,1025.921661,E,5,6,,22.389,M,39.413,M,1.8,0008*7C,,Manhole Cover,Small Manhole Cover,5,-,-,-,-,-
166,21,23,590800.3935,6136669.39,102440.65,5522.075636,N,1025.958745,E,4,11,,21.451,M,39.413,M,1.6,0008*7B,,Manhole Cover,,23,-,-,-,-,-
167,22,24,590791.9067,6136655.18,102509.15,5522.068071,N,1025.950437,E,4,6,,21.697,M,39.413,M,2.2,0008*72,,Manhole Cover,,24,-,-,-,-,-
168,25,27,590776.9927,6136667.781,102608.55,5522.075028,N,1025.936568,E,4,9,,21.823,M,39.413,M,1.5,0008*76,,Manhole Cover,,27,-,-,-,-,-
169,33,36,590742.0636,6136664.447,102858.85,5522.073618,N,1025.903448,E,4,9,,21.429,M,39.413,M,0.9,0008*7D,,Manhole Cover,,36,-,-,-,-,-
170,52,55,590720.3585,6136647.893,103714.65,5522.064936,N,1025.882586,E,4,9,,21.564,M,39.413,M,0.6,0008*76,,Manhole Cover,Small Manhole Cover,55,-,-,-,-,-
171,53,56,590721.8971,6136647.006,103725.9,5522.064441,N,1025.884025,E,4,10,,21.492,M,39.413,M,0.9,0008*79,,Manhole Cover,Small Manhole Cover,56,-,-,1103665959,-,-
172,62,65,590716.1757,6136662.117,104227.65,5522.072649,N,1025.878904,E,4,10,,21.906,M,39.413,M,1.6,0008*7A,,Manhole Cover,,65,-,-,1034152856,-,-
173,63,66,590705.5405,6136657.441,104254.75,5522.070247,N,1025.868749,E,4,10,,21.663,M,39.413,M,1.8,0008*7F,,Manhole Cover,Stone,66,-,-,-,-,-
174,103,107,590700.7994,6136699.568,105821.95,5522.093005,N,1025.865081,E,4,9,,21.439,M,39.413,M,0.9,0008*7E,,Manhole Cover,Stone,107,-,-,1103666027,-,-
175,107,112,590653.1414,6136690.679,110059.8,5522.088742,N,1025.819807,E,5,5,,23.125,M,39.413,M,1.8,0008*44,,Manhole Cover,Small Manhole Cover,112,-,-,-,-,-
176,108,113,590651.766,6136692.11,110117.7,5522.089529,N,1025.818533,E,5,9,,19.552,M,39.413,M,0.7,0008*71,,Manhole Cover,Small Manhole Cover,113,-,-,-,-,-
177,117,122,590647.9269,6136723.625,110544.8,5522.106557,N,1025.815513,E,4,6,,21.678,M,39.413,M,2.8,0008*71,,Manhole Cover,Small Square Manhole Cover,122,-,-,-,-,-
178,119,124,590629.8252,6136724.375,110709,5522.107162,N,1025.798397,E,5,5,,34.972,M,39.413,M,2,0008*73,,Manhole Cover,Small Square Manhole Cover,124,-,-,-,-,-
179,121,126,590638.5267,6136736.208,110817.45,5522.113443,N,1025.806862,E,5,11,,42.223,M,39.413,M,1.5,0008*79,,Manhole Cover,,126,-,-,1034152864,-,-
180,144,150,590678.5304,6136740.133,112512.95,5522.115116,N,1025.844796,E,4,6,,21.64,M,39.413,M,2,0008*73,,Manhole Cover,,150,-,-,1034152862,-,-
181,147,153,590715.6872,6136678.416,123456.95,5522.081439,N,1025.878759,E,4,10,,21.423,M,39.415,M,2,0024*76,,Manhole Cover,,153,-,-,-,-,-
182,152,158,590776.0733,6136684.983,123752.25,5522.08431,N,1025.936033,E,4,9,,21.574,M,39.415,M,1.3,0024*72,,Manhole Cover,,158,-,-,-,-,-
183,155,161,590799.4485,6136686.692,123859.1,5522.084972,N,1025.958188,E,4,9,,21.457,M,39.415,M,2.1,0024*76,,Manhole Cover,,161,-,-,-,-,-
184,194,204,590795.6194,6136722.535,125430.55,5522.104333,N,1025.955262,E,4,8,,21.552,M,39.415,M,1.5,0024*76,,Manhole Cover,,204,-,-,-,-,-
185,195,205,590769.184,6136720.03,125531.5,5522.103276,N,1025.930196,E,4,9,,21.474,M,39.415,M,1.5,0024*71,,Manhole Cover,,205,-,-,-,-,-
186,196,206,590741.3472,6136717.255,125604.45,5522.102089,N,1025.903798,E,4,9,,21.593,M,39.415,M,1.5,0024*7C,,Manhole Cover,,206,-,-,1034152859,-,-
187,197,207,590711.4931,6136714.165,125644.9,5522.100754,N,1025.875485,E,4,10,,21.396,M,39.415,M,0.9,0024*73,,Manhole Cover,,207,-,-,-,-,-
188,222,234,590754.5595,6136747.545,130422.8,5522.118268,N,1025.916891,E,4,12,,21.509,M,39.415,M,0.8,0024*70,,Manhole Cover,,234,-,-,1034153067,-,-
189,223,235,590738.7942,6136746.133,130455.95,5522.117682,N,1025.901944,E,4,9,,21.454,M,39.415,M,0.9,0024*7F,,Manhole Cover,,235,-,-,1034153298,-,-
190,229,241,590708.6332,6136743.271,130801.75,5522.116473,N,1025.873345,E,4,10,,21.497,M,39.415,M,1.8,0024*7B,,Manhole Cover,,241,-,-,1034152861,-,-
191,232,244,590702.8306,6136751.299,130855.1,5522.120865,N,1025.86801,E,4,7,,21.6,M,39.415,M,1.1,0024*7E,,Manhole Cover,,244,-,-,-,-,-
192,238,251,590789.4957,6136789.974,131222.95,5522.140749,N,1025.95078,E,4,8,,21.42,M,39.415,M,2,0024*7A,,Manhole Cover,,251,-,-,1034152827,-,-
193,240,253,590791.461,6136751.189,131335.75,5522.119823,N,1025.951885,E,4,10,,21.52,M,39.415,M,1.8,0024*71,,Manhole Cover,,253,-,-,1034152828,-,-
194,249,262,590705.7532,6136782.146,132047.15,5522.137458,N,1025.871376,E,4,7,,21.443,M,39.415,M,1.1,0024*78,,Manhole Cover,,262,-,-,1034153061,-,-
195,250,263,590709.3364,6136787.305,132112.45,5522.140199,N,1025.874867,E,4,9,,21.936,M,39.415,M,1.5,0024*7F,,Manhole Cover,Stone,263,-,-,-,-,-
196,254,268,590702.3114,6136818.436,132305.5,5522.157056,N,1025.868825,E,4,6,,21.434,M,39.415,M,1.5,0024*76,,Manhole Cover,,268,-,-,1034153057,-,-
197,265,279,590785.6188,6136826.458,132702.35,5522.160456,N,1025.947821,E,4,7,,21.458,M,39.415,M,1.4,0024*7D,,Manhole Cover,,279,-,-,1034152826,-,-
198,321,9,590757.4485,6136658.043,104313.75,5522.069996,N,1025.917883,E,4,11,1.2,23.928,M,39.415,M,0.8,0000*74,,new_Bench,,9,-,-,-,-,-
199,318,11,590756.8389,6136664.16,104210.65,5522.0733,N,1025.917426,E,4,10,1.2,23.957,M,39.415,M,1.6,0000*75,,new_Bench,,11,-,-,-,-,-
200,316,13,590756.2665,6136670.073,104119.75,5522.076493,N,1025.916999,E,4,13,0.9,23.913,M,39.415,M,0.8,0000*7A,,new_Bench,,13,-,-,-,-,-
201,326,33,590743.8478,6136668.817,104510.75,5522.075954,N,1025.905222,E,4,13,0.9,23.924,M,39.415,M,1.8,0000*77,,new_Bench,,33,-,-,-,-,-
202,325,34,590745.197,6136662.96,104451.45,5522.072782,N,1025.906385,E,4,11,1.2,23.935,M,39.415,M,1.5,0000*7E,,new_Bench,,34,-,-,-,-,-
203,324,38,590746.5513,6136657.101,104428.6,5522.069609,N,1025.907553,E,4,10,1.3,23.924,M,39.415,M,1.6,0000*77,,new_Bench,,38,-,-,-,-,-
204,355,62,590703.1341,6136648.386,111218.25,5522.065393,N,1025.866295,E,4,13,1,23.915,M,39.413,M,1.3,0007*72,,new_Bench,,62,-,-,-,-,-
205,393,102,590668.743,6136714.414,113240.4,5522.101362,N,1025.835033,E,4,15,0.8,24.659,M,39.413,M,1.4,0007*76,,new_Bench,,102,-,-,-,-,-
206,397,116,590661.1188,6136721.34,113554.65,5522.105179,N,1025.827953,E,4,13,0.9,24.392,M,39.413,M,1.6,0007*70,,new_Bench,,116,-,-,-,-,-
207,586,308,590649.6067,6136722.683,131757.75,5522.106031,N,1025.817084,E,4,7,2.9,24.043,M,39.413,M,1.8,0013*78,,new_Building Corner,,308,-,-,-,-,-
208,418,135,590659.9494,6136759.057,114751.45,5522.125521,N,1025.827579,E,4,6,28.5,24.068,M,39.413,M,1.5,0013*4F,,new_Chimney,,135,-,-,1095519963,-,-
209,419,136,590660.0489,6136757.579,114800.35,5522.124724,N,1025.827645,E,4,6,29.3,24.147,M,39.413,M,10.4,0013*78,,new_Chimney,,136,-,-,1095519974,-,-
210,294,22,590804.152,6136658.267,103106.25,5522.069599,N,1025.962085,E,4,12,0.9,23.349,M,39.415,M,1.3,0000*7D,,new_Downspout Grille,,22,-,-,-,-,-
211,301,25,590782.3179,6136666.546,103522.7,5522.074303,N,1025.941584,E,4,11,1,23.366,M,39.415,M,0.7,0000*7F,,new_Downspout Grille,,25,-,-,1103669907,-,-
212,306,28,590772.0176,6136665.591,103757.55,5522.073903,N,1025.931818,E,4,12,1,23.419,M,39.415,M,1.5,0000*79,,new_Downspout Grille,,28,-,-,1034152777,-,-
213,310,30,590765.9684,6136665.041,103911.85,5522.073674,N,1025.926082,E,4,12,1,23.413,M,39.415,M,0.9,0000*77,,new_Downspout Grille,,30,-,-,1103669436,-,-
214,319,31,590760.0755,6136664.469,104235.35,5522.073431,N,1025.920494,E,4,11,1.2,23.404,M,39.415,M,1.4,0000*7E,,new_Downspout Grille,,31,-,-,1103669774,-,-
215,330,37,590740.5949,6136662.703,104636.05,5522.072694,N,1025.902025,E,4,11,1.2,23.42,M,39.415,M,1,0000*7B,,new_Downspout Grille,,37,-,-,1034152774,-,-
216,342,47,590722.6661,6136660.888,105312.55,5522.071915,N,1025.885023,E,4,12,0.9,23.435,M,39.415,M,1.5,0000*7F,,new_Downspout Grille,,47,-,-,1103669749,-,-
217,335,52,590734.6879,6136662.049,105023.9,5522.072408,N,1025.896422,E,4,11,1.2,23.386,M,39.415,M,1.9,0000*79,,new_Downspout Grille,,52,-,-,1103670043,-,-
218,336,53,590728.6673,6136661.275,105055.65,5522.072057,N,1025.890709,E,4,10,1.2,23.397,M,39.415,M,1.6,0000*77,,new_Downspout Grille,,53,-,-,1034152772,-,-
219,337,53,590728.6674,6136661.459,105107.1,5522.072156,N,1025.890713,E,4,11,1.2,23.424,M,39.415,M,1.1,0000*73,,new_Downspout Grille,,53,-,-,-,-,-
220,350,54,590715.2722,6136649.444,110952.45,5522.065829,N,1025.877803,E,4,15,0.8,23.531,M,39.413,M,1.5,0007*72,,new_Downspout Grille,,54,-,-,1103665914,-,-
221,411,128,590646.4833,6136732.546,114303.3,5522.111381,N,1025.81432,E,4,9,1.9,23.556,M,39.413,M,3.3,0007*7B,,new_Downspout Grille,,128,-,-,-,-,-
222,412,129,590654.7221,6136733.473,114448.8,5522.11179,N,1025.822135,E,4,12,0.9,23.477,M,39.413,M,1.8,0013*75,,new_Downspout Grille,,129,-,-,-,-,-
223,413,131,590654.1068,6136741.977,114511.15,5522.11638,N,1025.821718,E,4,10,1.6,23.442,M,39.413,M,1.1,0013*7D,,new_Downspout Grille,,131,-,-,-,-,-
224,421,139,590658.5225,6136791.911,114908.15,5522.143245,N,1025.826868,E,4,9,1.4,24.602,M,39.413,M,1.1,0013*74,,new_Downspout Grille,,139,-,-,1034152871,-,-
225,433,147,590695.5747,6136746.041,115533.9,5522.118111,N,1025.861041,E,4,15,0.8,23.413,M,39.413,M,0.9,0013*78,,new_Downspout Grille,,147,-,-,1034152870,-,-
226,434,149,590679.4624,6136744.452,115605.3,5522.117433,N,1025.845762,E,4,12,1.2,23.414,M,39.413,M,1.3,0013*79,,new_Downspout Grille,,149,-,-,-,-,-
227,385,151,590705.2847,6136738.289,112821.55,5522.113825,N,1025.870079,E,4,14,0.8,23.391,M,39.413,M,1.5,0007*7D,,new_Downspout Grille,,151,-,-,-,-,-
228,506,152,590713.9406,6136673.26,122843.05,5522.07868,N,1025.877006,E,4,11,1.2,22.347,M,39.413,M,1,0013*78,,new_Downspout Grille,,152,-,-,-,-,-
229,507,154,590727.6166,6136674.633,122912.35,5522.079269,N,1025.889975,E,4,10,1.3,22.354,M,39.413,M,1.4,0013*78,,new_Downspout Grille,,154,-,-,1034152748,-,-
230,508,155,590740.6173,6136675.886,122935.1,5522.0798,N,1025.902303,E,4,8,1.4,22.347,M,39.413,M,1.1,0013*7C,,new_Downspout Grille,,155,-,-,1103669990,-,-
231,510,156,590759.2354,6136677.697,123013.4,5522.080569,N,1025.919957,E,4,10,1,22.418,M,39.413,M,1.4,0013*7A,,new_Downspout Grille,,156,-,-,1034152773,-,-
232,511,157,590774.1406,6136679.107,123035.7,5522.081164,N,1025.93409,E,4,9,1.6,22.299,M,39.413,M,1.7,0013*7F,,new_Downspout Grille,,157,-,-,1034152775,-,-
233,513,159,590790.5044,6136680.717,123111.3,5522.08185,N,1025.949607,E,4,10,1.3,22.398,M,39.413,M,1.3,0013*70,,new_Downspout Grille,,159,-,-,1034152776,-,-
234,514,159,590790.503,6136680.723,123111.55,5522.081854,N,1025.949606,E,4,10,1.3,22.403,M,39.413,M,1.5,0013*79,,new_Downspout Grille,,159,-,-,1034152778,-,-
235,515,159,590790.5087,6136680.724,123111.75,5522.081854,N,1025.949611,E,4,10,1.3,22.399,M,39.413,M,1.8,0013*7F,,new_Downspout Grille,,159,-,-,1034152780,-,-
236,295,160,590802.6699,6136679.758,103239,5522.081199,N,1025.961101,E,4,10,1.2,23.361,M,39.415,M,1,0000*75,,new_Downspout Grille,,160,-,-,-,-,-
237,483,163,590789.6107,6136693.646,121909.45,5522.088829,N,1025.949013,E,4,9,1.5,22.4,M,39.413,M,1.5,0013*73,,new_Downspout Grille,,163,-,-,1034152765,-,-
238,482,164,590789.4161,6136695.891,121857.85,5522.090041,N,1025.948873,E,4,9,1.5,22.461,M,39.413,M,0.9,0013*74,,new_Downspout Grille,,164,-,-,1034152764,-,-
239,486,166,590772.8684,6136692.036,122010.8,5522.088147,N,1025.933138,E,4,8,1.6,22.445,M,39.413,M,0.8,0013*79,,new_Downspout Grille,,166,-,-,1034152767,-,-
240,485,167,590772.7903,6136694.323,121952.7,5522.08938,N,1025.933108,E,4,11,1.3,22.387,M,39.413,M,0.7,0013*7B,,new_Downspout Grille,,167,-,-,1034152766,-,-
241,487,169,590757.3583,6136690.538,122041.3,5522.087512,N,1025.91843,E,4,11,1.3,22.416,M,39.413,M,1.3,0013*75,,new_Downspout Grille,,169,-,-,1034152768,-,-
242,488,171,590757.1305,6136692.673,122142.75,5522.088665,N,1025.918257,E,4,12,1.1,23.304,M,39.413,M,0.8,0013*74,,new_Downspout Grille,,171,-,-,-,-,-
243,491,173,590740.0354,6136691.111,122238.9,5522.088013,N,1025.902048,E,4,13,0.9,23.458,M,39.413,M,1.9,0013*76,,new_Downspout Grille,,173,-,-,-,-,-
244,492,176,590740.445,6136689.075,122257.25,5522.08691,N,1025.902396,E,4,12,0.9,23.502,M,39.413,M,1.3,0013*74,,new_Downspout Grille,,176,-,-,1034152769,-,-
245,497,181,590722.6183,6136687.14,122437.7,5522.086065,N,1025.885488,E,4,8,1.5,22.458,M,39.413,M,1.7,0013*79,,new_Downspout Grille,,181,-,-,1034152770,-,-
246,496,182,590722.5133,6136689.441,122413.35,5522.087306,N,1025.885433,E,4,9,1.4,22.439,M,39.413,M,1.4,0013*74,,new_Downspout Grille,,182,-,-,1034152771,-,-
247,499,184,590712.0146,6136692.684,122551.65,5522.08917,N,1025.875561,E,4,12,0.9,22.365,M,39.413,M,0.6,0013*7D,,new_Downspout Grille,,184,-,-,1103669971,-,-
248,464,187,590721.6065,6136707.116,121146.35,5522.096842,N,1025.884919,E,4,5,2.4,22.789,M,39.413,M,1.4,0013*7D,,new_Downspout Grille,,187,-,-,1034152752,-,-
249,465,188,590721.0541,6136705.029,121213.4,5522.095724,N,1025.884356,E,4,12,0.8,22.411,M,39.413,M,1.4,0013*7A,,new_Downspout Grille,,188,-,-,1034152753,-,-
250,467,190,590737.5648,6136708.926,121302.4,5522.097642,N,1025.900057,E,4,10,1.3,22.362,M,39.413,M,1.4,0013*71,,new_Downspout Grille,,190,-,-,1034152754,-,-
251,468,191,590737.7165,6136706.635,121318,5522.096405,N,1025.900156,E,4,8,1.5,22.437,M,39.413,M,2,0013*79,,new_Downspout Grille,,191,-,-,1034152755,-,-
252,469,192,590754.1869,6136710.515,121355,5522.098314,N,1025.915818,E,4,11,1.2,22.384,M,39.413,M,2,0013*7C,,new_Downspout Grille,,192,-,-,-,-,-
253,471,193,590753.5689,6136708.352,121448.4,5522.097154,N,1025.915191,E,4,13,0.8,23.282,M,39.413,M,1.4,0013*75,,new_Downspout Grille,,193,-,-,-,-,-
254,475,198,590770.889,6136712.163,121604.35,5522.099017,N,1025.931656,E,4,12,0.9,22.358,M,39.413,M,1.4,0013*77,,new_Downspout Grille,,198,-,-,1034152758,-,-
255,476,199,590770.9821,6136709.887,121620.35,5522.097789,N,1025.9317,E,4,11,1.1,22.377,M,39.413,M,1.4,0013*73,,new_Downspout Grille,,199,-,-,1034152759,-,-
256,478,201,590787.6393,6136713.747,121719.5,5522.099685,N,1025.947539,E,4,10,1.3,22.44,M,39.413,M,1.5,0013*73,,new_Downspout Grille,,201,-,-,1034152761,-,-
257,479,202,590787.8376,6136711.476,121743,5522.098458,N,1025.947682,E,4,10,1.4,22.377,M,39.413,M,2,0013*7B,,new_Downspout Grille,,202,-,-,1034152760,-,-
258,462,208,590709.9892,6136714.104,121102.3,5522.100738,N,1025.874061,E,4,12,1,22.383,M,39.413,M,1.3,0013*75,,new_Downspout Grille,,208,-,-,1103669600,-,-
259,439,210,590718.9999,6136725.227,115832.15,5522.106633,N,1025.882805,E,4,15,0.8,23.419,M,39.413,M,1.1,0013*77,,new_Downspout Grille,,210,-,-,1034152750,-,-
260,440,211,590719.303,6136723.004,115845.95,5522.105432,N,1025.883048,E,4,15,0.8,23.464,M,39.413,M,0.9,0013*71,,new_Downspout Grille,,211,-,-,1103669801,-,-
261,442,214,590735.1309,6136726.928,120044.15,5522.107371,N,1025.898103,E,4,14,0.8,23.262,M,39.413,M,1.1,0013*72,,new_Downspout Grille,,214,-,-,-,-,-
262,444,216,590739.7008,6136725.018,120213.9,5522.106292,N,1025.902391,E,4,14,0.8,23.255,M,39.413,M,1.9,0013*77,,new_Downspout Grille,,216,-,-,1034152757,-,-
263,447,219,590753.4856,6136728.551,120440.6,5522.108043,N,1025.915505,E,4,14,0.8,23.376,M,39.413,M,1.6,0013*74,,new_Downspout Grille,,219,-,-,-,-,-
264,448,220,590753.8315,6136726.377,120506.25,5522.106867,N,1025.91579,E,4,14,0.8,23.363,M,39.413,M,1.3,0013*71,,new_Downspout Grille,,220,-,-,1034152756,-,-
265,450,221,590768.2133,6136730.049,120619.15,5522.108687,N,1025.929472,E,4,14,0.8,23.276,M,39.413,M,1.1,0013*71,,new_Downspout Grille,,221,-,-,-,-,-
266,449,222,590768.2119,6136727.744,120546.7,5522.107445,N,1025.929426,E,4,14,0.8,23.385,M,39.413,M,1.7,0013*7F,,new_Downspout Grille,,222,-,-,-,-,-
267,455,228,590785.885,6136731.74,120755.4,5522.109402,N,1025.946229,E,4,13,0.8,22.459,M,39.413,M,1.4,0013*73,,new_Downspout Grille,,228,-,-,1034152763,-,-
268,456,229,590786.1734,6136729.494,120812.05,5522.108189,N,1025.946458,E,4,11,1.2,22.35,M,39.413,M,2,0013*7F,,new_Downspout Grille,,229,-,-,1034152762,-,-
269,437,240,590707.846,6136735.301,115729.2,5522.112186,N,1025.872445,E,4,15,0.8,23.367,M,39.413,M,1.2,0013*7E,,new_Downspout Grille,,240,-,-,1034152749,-,-
270,537,242,590704.4605,6136746.865,124857.8,5522.118457,N,1025.869466,E,4,10,1.3,22.42,M,39.413,M,1.8,0013*7A,,new_Downspout Grille,,242,-,-,1034152747,-,-
271,536,243,590705.6101,6136750.281,124838.85,5522.120285,N,1025.870621,E,4,9,1.2,22.344,M,39.413,M,1.9,0013*72,,new_Downspout Grille,,243,-,-,-,-,-
272,534,245,590704.4875,6136761.926,124802.05,5522.126575,N,1025.869785,E,4,8,1.9,22.277,M,39.413,M,1,0013*77,,new_Downspout Grille,,245,-,-,-,-,-
273,574,252,590793.3525,6136779.708,130601.05,5522.135174,N,1025.95423,E,4,9,1.7,22.3,M,39.413,M,1,0013*72,,new_Downspout Grille,,252,-,-,-,-,-
274,533,259,590702.9987,6136776.706,124733.45,5522.134557,N,1025.868664,E,4,8,1.5,22.322,M,39.413,M,1.5,0013*73,,new_Downspout Grille,,259,-,-,-,-,-
275,531,264,590701.7778,6136790.268,124654.7,5522.14188,N,1025.867772,E,4,8,2.5,22.327,M,39.413,M,0.7,0013*7F,,new_Downspout Grille,,264,-,-,-,-,-
276,530,266,590700.3451,6136805.313,124556.95,5522.150005,N,1025.866709,E,4,8,2,22.264,M,39.413,M,2,0013*7B,,new_Downspout Grille,,266,-,-,-,-,-
277,528,267,590698.9015,6136820.144,124515.1,5522.158015,N,1025.865631,E,4,6,2.7,22.16,M,39.413,M,1.1,0013*7D,,new_Downspout Grille,,267,-,-,-,-,-
278,527,270,590712.8475,6136837.323,124427.1,5522.167119,N,1025.879163,E,4,8,1.9,22.389,M,39.413,M,1.1,0013*70,,new_Downspout Grille,,270,-,-,1210521228,-,-
279,525,272,590732.1562,6136839.273,124337.25,5522.167956,N,1025.897475,E,4,13,0.8,23.295,M,39.413,M,1.3,0013*72,,new_Downspout Grille,,272,-,-,-,-,-
280,545,280,590772.6658,6136823.062,125234.55,5522.15877,N,1025.935497,E,4,8,1.4,22.726,M,39.413,M,1.5,0013*71,,new_Downspout Grille,,280,-,-,1202730952,-,-
281,543,282,590753.1865,6136821.11,125157.05,5522.157934,N,1025.917024,E,4,8,2.3,22.752,M,39.413,M,2,0013*7A,,new_Downspout Grille,,282,-,-,1202730953,-,-
282,541,284,590733.9486,6136819.351,125114,5522.157199,N,1025.898783,E,4,10,1.2,22.698,M,39.413,M,1,0013*72,,new_Downspout Grille,,284,-,-,1202730954,-,-
283,539,286,590714.6397,6136817.62,125034.1,5522.15648,N,1025.880476,E,4,10,1.9,22.766,M,39.413,M,1.1,0013*79,,new_Downspout Grille,,286,-,-,1210521229,-,-
284,436,452,590680.2182,6136735.936,115643.65,5522.112835,N,1025.846312,E,4,13,0.8,23.39,M,39.413,M,1.6,0013*7D,,new_Downspout Grille,,452,-,-,-,-,-
285,517,533,590800.5436,6136701.502,123200.6,5522.092942,N,1025.959512,E,4,10,1.1,22.37,M,39.413,M,0.6,0013*78,,new_Downspout Grille,,533,-,-,-,-,-
286,563,580,590709.1979,6136802.031,130035.4,5522.148138,N,1025.875023,E,4,8,2.2,23.645,M,39.413,M,1.4,0013*75,,new_Fuse Box,,580,-,-,-,-,-
287,566,583,590708.8932,6136781.449,130149.7,5522.137048,N,1025.874334,E,4,8,2,23.256,M,39.413,M,0.7,0013*7D,,new_Fuse Box,,583,-,-,-,-,-
288,293,0,590802.3145,6136656.916,103047.45,5522.068891,N,1025.96032,E,4,12,0.9,23.347,M,39.415,M,2.5,0000*77,Second validation from here,new_Light Fixture,,0,-,-,1103669411,-,-
289,304,1,590780.5189,6136655.155,103654.15,5522.068184,N,1025.93966,E,4,12,1.3,23.679,M,39.415,M,1.1,0000*7F,,new_Light Fixture,,1,-,-,-,-,-
290,320,10,590758.1812,6136659.283,104253.7,5522.070656,N,1025.918601,E,4,11,1.2,23.5,M,39.415,M,1.7,0000*74,,new_Light Fixture,,10,-,-,1103669248,-,-
291,315,15,590757.1809,6136671.357,104101.5,5522.077175,N,1025.917889,E,4,12,0.9,23.519,M,39.415,M,1.5,0000*7A,,new_Light Fixture,,15,-,-,1103668986,-,-
292,298,26,590783.1896,6136672.216,103407.9,5522.07735,N,1025.942519,E,4,12,0.9,23.528,M,39.415,M,1.9,0000*70,,new_Light Fixture,,26,-,-,1034152928,-,-
293,300,26,590783.1855,6136672.138,103500.4,5522.077308,N,1025.942514,E,4,11,1,23.496,M,39.415,M,1.4,0000*7E,,new_Light Fixture,,26,-,-,1034152928,-,-
294,339,44,590732.3709,6136670.42,105206.45,5522.076945,N,1025.894392,E,4,12,0.9,23.465,M,39.415,M,1.5,0000*70,,new_Light Fixture,,44,-,-,1034152930,-,-
295,345,48,590721.1758,6136652.176,105901.15,5522.067235,N,1025.883443,E,4,11,1.1,23.525,M,39.415,M,1.1,0000*72,,new_Light Fixture,,48,-,-,1103668991,-,-
296,358,67,590698.2798,6136653.674,111350.55,5522.068297,N,1025.861804,E,4,14,0.9,23.406,M,39.413,M,1.5,0007*74,,new_Light Fixture,,67,-,-,1103669300,-,-
297,367,75,590681.3801,6136665.177,111830.15,5522.074684,N,1025.846035,E,4,15,0.8,24.08,M,39.413,M,1.1,0007*73,,new_Light Fixture,,75,-,-,-,-,-
298,366,76,590682.5038,6136665.662,111808.45,5522.074933,N,1025.847108,E,4,16,0.7,24.183,M,39.413,M,1.5,0007*74,,new_Light Fixture,,76,-,-,-,-,-
299,368,77,590694.0933,6136667.096,111921.9,5522.075577,N,1025.858103,E,4,14,0.8,24.064,M,39.413,M,1.9,0007*75,,new_Light Fixture,,77,-,-,-,-,-
300,371,81,590680.1363,6136686.086,112048.7,5522.085968,N,1025.845264,E,4,14,0.8,24.207,M,39.413,M,1.7,0007*78,,new_Light Fixture,,81,-,-,-,-,-
301,370,82,590692.2605,6136687.168,112017.2,5522.086416,N,1025.856759,E,4,16,0.7,24.065,M,39.413,M,1.2,0007*71,,new_Light Fixture,,82,-,-,-,-,-
302,374,85,590667.1581,6136684.729,112159.6,5522.085379,N,1025.832956,E,4,11,1,24.127,M,39.413,M,1.6,0007*7C,,new_Light Fixture,,85,-,-,1034153008,-,-
303,392,101,590671.01,6136726.149,113155.35,5522.107662,N,1025.837407,E,4,14,0.8,23.68,M,39.413,M,1.4,0007*71,,new_Light Fixture,,101,-,-,1034152988,-,-
304,377,108,590693.8196,6136697.281,112346.05,5522.09185,N,1025.858431,E,4,13,0.8,23.669,M,39.413,M,2,0007*7B,,new_Light Fixture,,108,-,-,1103669242,-,-
305,376,109,590670.9019,6136694.971,112312.65,5522.090859,N,1025.836699,E,4,12,1.2,24.043,M,39.413,M,1.6,0007*76,,new_Light Fixture,,109,-,-,-,-,-
306,394,111,590665.4083,6136704.133,113313.45,5522.095857,N,1025.831678,E,4,15,0.8,24.038,M,39.413,M,1.5,0007*71,,new_Light Fixture,,111,-,-,-,-,-
307,400,120,590662.9634,6136731.351,113711.05,5522.110555,N,1025.829893,E,4,13,0.9,23.518,M,39.413,M,1,0007*73,,new_Light Fixture,,120,-,-,1034152954,-,-
308,402,121,590653.5418,6136724.546,113813.25,5522.106992,N,1025.820845,E,4,12,0.9,23.967,M,39.413,M,1.3,0007*70,,new_Light Fixture,,121,-,-,-,-,-
309,409,130,590650.0076,6136744.832,114153.95,5522.117964,N,1025.817894,E,4,9,1.9,23.41,M,39.413,M,2,0007*70,,new_Light Fixture,,130,-,-,1034152975,-,-
310,410,130,590648.8842,6136745.942,114220.75,5522.118575,N,1025.816853,E,4,9,1.9,23.441,M,39.413,M,1.8,0007*76,,new_Light Fixture,,130,-,-,1034152975,-,-
311,414,132,590658.177,6136746.921,114537.75,5522.119,N,1025.825666,E,4,10,1.6,23.445,M,39.413,M,1.8,0013*7F,,new_Light Fixture,,132,-,-,-,-,-
312,415,134,590667.706,6136755.779,114614.7,5522.123669,N,1025.834856,E,4,8,1.4,23.842,M,39.413,M,0.7,0013*70,,new_Light Fixture,,134,-,-,1034152955,-,-
313,420,137,590660.9803,6136772.082,114830,5522.13253,N,1025.828808,E,4,9,1.4,24.393,M,39.413,M,1,0013*78,,new_Light Fixture,,137,-,-,1034152955,-,-
314,422,138,590658.3619,6136796.298,114931.35,5522.145611,N,1025.826801,E,4,9,1.4,24.521,M,39.413,M,1.4,0013*7E,,new_Light Fixture,,138,-,-,1034152956,-,-
315,423,138,590658.3614,6136796.296,114932.95,5522.14561,N,1025.826801,E,4,9,1.4,24.527,M,39.413,M,2,0013*77,,new_Light Fixture,,138,-,-,1034152956,-,-
316,427,140,590661.9117,6136788.953,115301.05,5522.141613,N,1025.830018,E,4,10,1.3,24.728,M,39.413,M,2,0013*76,,new_Light Fixture,,140,-,-,-,-,-
317,428,141,590671.7831,6136789.817,115319.6,5522.141969,N,1025.839377,E,4,6,1.9,24.195,M,39.413,M,1.6,0013*73,,new_Light Fixture,,141,-,-,-,-,-
318,426,142,590682.7705,6136791.255,115202.65,5522.142623,N,1025.849803,E,4,11,1,24.028,M,39.413,M,1.6,0013*71,,new_Light Fixture,,142,-,-,-,-,-
319,424,143,590692.066,6136822.11,115100.2,5522.15915,N,1025.8592,E,4,11,1.1,23.506,M,39.413,M,1.2,0013*72,,new_Light Fixture,,143,-,-,1210520555,-,-
320,425,144,590694.4681,6136797.102,115132.55,5522.145645,N,1025.860987,E,4,11,1.1,23.517,M,39.413,M,1.5,0013*7B,,new_Light Fixture,,144,-,-,1210520554,-,-
321,430,145,590697.0172,6136771.881,115428.45,5522.132023,N,1025.862909,E,4,14,0.8,23.498,M,39.413,M,1.5,0013*7C,,new_Light Fixture,,145,-,-,1210520553,-,-
322,432,146,590699.0127,6136749.6,115513.7,5522.119991,N,1025.864364,E,4,15,0.8,23.486,M,39.413,M,1.7,0013*78,,new_Light Fixture,,146,-,-,1210520552,-,-
323,481,162,590794.2897,6136695.434,121842,5522.08974,N,1025.953476,E,4,11,1.1,23.254,M,39.413,M,1,0013*76,,new_Light Fixture,,162,-,-,1034152926,-,-
324,484,165,590775.2922,6136693.149,121935.15,5522.08872,N,1025.935453,E,4,11,1,23.164,M,39.413,M,1.1,0013*74,,new_Light Fixture,,165,-,-,1034152925,-,-
325,489,172,590756.1815,6136691.714,122152.8,5522.088158,N,1025.91734,E,4,13,0.9,23.41,M,39.413,M,0.8,0013*7E,,new_Light Fixture,,172,-,-,1034152924,-,-
326,493,175,590737.1312,6136689.867,122320.4,5522.087374,N,1025.899276,E,4,10,1.3,23.3,M,39.413,M,1.4,0013*7F,,new_Light Fixture,,175,-,-,1034152923,-,-
327,498,183,590717.993,6136687.644,122528.65,5522.086388,N,1025.88112,E,4,12,1.1,23.28,M,39.413,M,1.6,0013*7E,,new_Light Fixture,,183,-,-,1034152922,-,-
328,463,186,590715.9481,6136705.695,121124.95,5522.096139,N,1025.879537,E,4,12,1.1,23.403,M,39.413,M,0.9,0013*75,,new_Light Fixture,,186,-,-,1034152921,-,-
329,466,189,590735.2811,6136707.351,121241.55,5522.096818,N,1025.897865,E,4,13,0.8,23.216,M,39.413,M,1.5,0013*7C,,new_Light Fixture,,189,-,-,1034152920,-,-
330,470,194,590754.1617,6136709.458,121416.3,5522.097744,N,1025.915774,E,4,12,0.9,23.149,M,39.413,M,1.3,0013*71,,new_Light Fixture,,194,-,-,1034152919,-,-
331,477,200,590773.3686,6136711.455,121640.65,5522.098608,N,1025.933989,E,4,12,1,23.054,M,39.413,M,1.6,0013*7F,,new_Light Fixture,,200,-,-,1034152918,-,-
332,480,203,590792.5841,6136712.906,121757.05,5522.099176,N,1025.952202,E,4,12,0.9,23.264,M,39.413,M,1,0013*7D,,new_Light Fixture,,203,-,-,1034152917,-,-
333,438,209,590714.4055,6136723.456,115809.05,5522.10573,N,1025.878422,E,4,14,0.8,23.557,M,39.413,M,1,0013*70,,new_Light Fixture,,209,-,-,1034152912,-,-
334,446,218,590752.4323,6136727.239,120301.9,5522.107347,N,1025.914483,E,4,14,0.8,23.198,M,39.413,M,0.9,0013*7F,,new_Light Fixture,,218,-,-,1034152914,-,-
335,452,224,590771.5494,6136729.061,120651.4,5522.108117,N,1025.93261,E,4,12,1,23.166,M,39.413,M,1.4,0013*7F,,new_Light Fixture,,224,-,-,1034152915,-,-
336,457,230,590790.9284,6136730.795,120825.6,5522.108837,N,1025.950984,E,4,13,0.8,23.346,M,39.413,M,1.6,0013*7F,,new_Light Fixture,,230,-,-,1034152916,-,-
337,576,232,590779.7757,6136754.699,130651.05,5522.121844,N,1025.940894,E,4,10,1.1,23.089,M,39.413,M,1,0013*79,,new_Light Fixture,,232,-,-,1034152911,-,-
338,579,233,590750.4253,6136751.424,130825.2,5522.120405,N,1025.913054,E,4,10,1.1,23.261,M,39.413,M,1.2,0013*7D,,new_Light Fixture,,233,-,-,1034152910,-,-
339,583,239,590721.1529,6136748.637,131142.55,5522.119227,N,1025.885298,E,4,9,1.5,23.08,M,39.413,M,1.5,0013*70,,new_Light Fixture,,239,-,-,1034152909,-,-
340,570,247,590742.8101,6136773.688,130405.5,5522.132489,N,1025.906281,E,4,9,1.7,23.746,M,39.413,M,1.5,0013*71,,new_Light Fixture,,247,-,-,1113474640,-,-
341,571,248,590753.2751,6136774.234,130425.15,5522.132668,N,1025.916195,E,4,8,1.4,23.692,M,39.413,M,1.1,0013*79,,new_Light Fixture,,248,-,-,1113474623,-,-
342,572,250,590785.2327,6136788.187,130514.55,5522.139833,N,1025.946711,E,4,8,2.1,23.486,M,39.413,M,1.5,0013*7D,,new_Light Fixture,,250,-,-,1034152977,-,-
343,575,254,590787.2058,6136770.529,130623.05,5522.130294,N,1025.948234,E,4,9,1.6,23.33,M,39.413,M,1,0013*76,,new_Light Fixture,,254,-,-,1034152976,-,-
344,550,255,590783.6077,6136806.553,125605.65,5522.149751,N,1025.94553,E,4,10,1.1,23.461,M,39.413,M,1.6,0013*72,,new_Light Fixture,,255,-,-,1034152905,-,-
345,569,256,590751.8985,6136789.901,130332.1,5522.141127,N,1025.915198,E,4,9,1.2,23.726,M,39.413,M,1.1,0013*77,,new_Light Fixture,,256,-,-,1113474817,-,-
346,568,257,590741.0598,6136788.971,130307.75,5522.140746,N,1025.904922,E,4,9,1.7,23.594,M,39.413,M,1.8,0013*78,,new_Light Fixture,,257,-,-,1113474651,-,-
347,567,258,590709.1198,6136781.001,130217.4,5522.136804,N,1025.87454,E,4,8,2.1,23.846,M,39.413,M,1.4,0013*79,,new_Light Fixture,,258,-,-,1034152907,-,-
348,526,271,590722.7072,6136838.562,124359.75,5522.167678,N,1025.888519,E,4,11,1.1,23.487,M,39.413,M,1.8,0013*7B,,new_Light Fixture,,271,-,-,1034152897,-,-
349,524,273,590742.0215,6136840.054,124251.7,5522.168268,N,1025.906826,E,4,13,0.8,23.561,M,39.413,M,0.7,0013*72,,new_Light Fixture,,273,-,-,-,-,-
350,544,281,590762.6339,6136822.055,125215.3,5522.158339,N,1025.925983,E,4,10,1.1,23.64,M,39.413,M,1.3,0013*79,,new_Light Fixture,,281,-,-,1034152900,-,-
351,542,283,590743.7394,6136820.245,125137.8,5522.157572,N,1025.908067,E,4,10,1.1,23.481,M,39.413,M,1.8,0013*72,,new_Light Fixture,,283,-,-,-,-,-
352,540,285,590724.655,6136818.481,125053.1,5522.156833,N,1025.889971,E,4,9,1.3,23.634,M,39.413,M,1.1,0013*73,,new_Light Fixture,,285,-,-,1034152902,-,-
353,538,287,590705.6642,6136816.759,125015.35,5522.156115,N,1025.871965,E,4,10,1.2,23.35,M,39.413,M,1.4,0013*7B,,new_Light Fixture,,287,-,-,1034152903,-,-
354,564,288,590707.3381,6136799.112,130059.15,5522.146586,N,1025.873206,E,4,9,1.8,23.605,M,39.413,M,2.2,0013*77,,new_Light Fixture,,288,-,-,1034152906,-,-
355,309,4,590766.6069,6136656.933,103847.05,5522.069296,N,1025.926528,E,4,10,1.6,23.527,M,39.415,M,1,0000*73,,new_Manhole Cover,,4,-,-,-,-,-
356,333,5,590760.9648,6136652.397,104837.25,5522.066914,N,1025.921101,E,4,9,2.2,23.559,M,39.415,M,1.3,0000*7B,,new_Manhole Cover,,5,-,-,-,-,-
357,308,6,590775.4454,6136653.22,103822.9,5522.067197,N,1025.934821,E,4,9,2.1,23.65,M,39.415,M,1.9,0000*77,,new_Manhole Cover,,6,-,-,-,-,-
358,590,23,590800.3831,6136669.374,132257.25,5522.075627,N,1025.958735,E,4,11,1,22.383,M,39.413,M,1.3,0013*7B,,new_Manhole Cover,,23,-,-,-,-,-
359,303,24,590791.9435,6136655.331,103615.95,5522.068152,N,1025.950474,E,4,12,0.9,23.604,M,39.415,M,0.9,0000*73,,new_Manhole Cover,,24,-,-,-,-,-
360,302,27,590776.9653,6136667.821,103539.95,5522.07505,N,1025.936543,E,4,11,1,23.482,M,39.415,M,0.9,0000*7E,,new_Manhole Cover,,27,-,-,-,-,-
361,329,36,590742.042,6136664.446,104614.35,5522.073618,N,1025.903428,E,4,12,0.9,23.477,M,39.415,M,1.4,0000*7F,,new_Manhole Cover,,36,-,-,-,-,-
362,346,55,590720.3291,6136647.906,105945.9,5522.064944,N,1025.882558,E,4,12,1,23.603,M,39.415,M,1.9,0000*77,,new_Manhole Cover,,55,-,-,-,-,-
363,347,56,590721.829,6136647.114,110857.75,5522.0645,N,1025.883962,E,4,14,0.8,23.629,M,39.413,M,1.8,0007*74,,new_Manhole Cover,,56,-,-,1103665959,-,-
364,375,112,590652.9389,6136690.6,112235.45,5522.088702,N,1025.819614,E,4,6,4.7,23.91,M,39.413,M,1.5,0007*78,,new_Manhole Cover,,112,-,-,-,-,-
365,403,122,590647.9719,6136723.753,113835,5522.106626,N,1025.815558,E,4,11,1.6,23.779,M,39.413,M,2,0007*72,,new_Manhole Cover,,122,-,-,-,-,-
366,435,150,590678.5605,6136740.305,115622.2,5522.115208,N,1025.844828,E,4,12,1.2,23.482,M,39.413,M,1.2,0013*7B,,new_Manhole Cover,,150,-,-,1034152862,-,-
367,505,153,590715.702,6136678.436,122818.85,5522.08145,N,1025.878774,E,4,10,1.3,22.491,M,39.413,M,1.9,0013*7C,,new_Manhole Cover,,153,-,-,-,-,-
368,512,158,590776.0951,6136685,123050.45,5522.084319,N,1025.936054,E,4,11,1,22.556,M,39.413,M,1.5,0013*71,,new_Manhole Cover,,158,-,-,-,-,-
369,516,161,590799.4504,6136686.751,123134.7,5522.085004,N,1025.958191,E,4,9,2,22.519,M,39.413,M,1.7,0013*7D,,new_Manhole Cover,,161,-,-,-,-,-
370,587,161,590799.4356,6136686.734,132124.2,5522.084995,N,1025.958176,E,4,11,1,22.47,M,39.413,M,1.2,0013*7A,,new_Manhole Cover,,161,-,-,-,-,-
371,458,204,590795.6107,6136722.531,120901.6,5522.104331,N,1025.955254,E,4,13,0.9,22.491,M,39.413,M,1.6,0013*72,,new_Manhole Cover,,204,-,-,-,-,-
372,459,205,590769.0811,6136719.975,120937.1,5522.103247,N,1025.930097,E,4,12,1.1,22.577,M,39.413,M,1.1,0013*71,,new_Manhole Cover,,205,-,-,-,-,-
373,460,206,590741.3365,6136717.282,121015.15,5522.102103,N,1025.903788,E,4,14,0.8,22.591,M,39.413,M,1.1,0013*7F,,new_Manhole Cover,,206,-,-,1034152859,-,-
374,461,207,590711.4762,6136714.213,121050.45,5522.10078,N,1025.87547,E,4,12,1,22.431,M,39.413,M,1.5,0013*76,,new_Manhole Cover,,207,-,-,-,-,-
375,500,207,590711.4666,6136714.156,122624.7,5522.10075,N,1025.87546,E,4,10,1.2,22.426,M,39.413,M,1.7,0013*7F,,new_Manhole Cover,,207,-,-,-,-,-
376,578,234,590754.551,6136747.526,130811.45,5522.118258,N,1025.916883,E,4,10,1.1,22.459,M,39.413,M,1.5,0013*7A,,new_Manhole Cover,,234,-,-,1034153067,-,-
377,582,235,590738.753,6136746.038,131115.2,5522.117631,N,1025.901904,E,4,8,1.7,22.44,M,39.413,M,1.2,0013*79,,new_Manhole Cover,,235,-,-,1034153298,-,-
378,584,241,590708.657,6136743.191,131234.55,5522.11643,N,1025.873366,E,4,6,4.8,22.376,M,39.413,M,1.5,0013*7B,,new_Manhole Cover,,241,-,-,1034152861,-,-
379,535,244,590702.9237,6136751.332,124826.05,5522.120882,N,1025.868099,E,4,10,1,22.398,M,39.413,M,1,0013*78,,new_Manhole Cover,,244,-,-,-,-,-
380,573,251,590789.5104,6136789.94,130531.75,5522.140731,N,1025.950793,E,4,9,1.7,22.424,M,39.413,M,1.8,0013*7A,,new_Manhole Cover,,251,-,-,1034152827,-,-
381,577,253,590791.4259,6136751.23,130715.15,5522.119845,N,1025.951852,E,4,8,1.3,22.419,M,39.413,M,1.1,0013*70,,new_Manhole Cover,,253,-,-,1034152828,-,-
382,532,262,590705.7489,6136782.17,124712,5522.137472,N,1025.871372,E,4,7,2.2,22.409,M,39.413,M,1,0013*76,,new_Manhole Cover,,262,-,-,1034153061,-,-
383,565,263,590709.3741,6136787.354,130121.7,5522.140226,N,1025.874904,E,4,6,2.8,22.933,M,39.413,M,1.7,0013*72,,new_Manhole Cover,,263,-,-,-,-,-
384,529,268,590702.352,6136818.406,124530.5,5522.15704,N,1025.868863,E,4,7,2.5,22.436,M,39.413,M,1.5,0013*78,,new_Manhole Cover,,268,-,-,1034153057,-,-
385,523,279,590785.7543,6136826.371,124129.2,5522.160408,N,1025.947948,E,4,8,1.8,22.365,M,39.413,M,1.2,0013*77,,new_Manhole Cover,,279,-,-,1034152826,-,-
386,546,279,590785.7427,6136826.383,125314.95,5522.160415,N,1025.947937,E,4,9,2,22.379,M,39.413,M,0.9,0013*7A,,new_Manhole Cover,,279,-,-,1034152826,-,-
387,349,366,590715.752,6136644.887,110934.85,5522.063368,N,1025.878168,E,4,14,0.9,23.561,M,39.413,M,1.9,0007*79,,new_Manhole Cover,Stone,366,-,-,-,-,-
388,509,525,590746.1371,6136681.342,122953.05,5522.082679,N,1025.907632,E,4,11,1,22.581,M,39.413,M,1,0013*71,,new_Manhole Cover,,525,-,-,1103665858,-,-
389,322,8,590757.7288,6136656.19,104326.55,5522.068994,N,1025.918113,E,4,10,1.6,23.608,M,39.415,M,1.5,0000*70,,new_Trash Can,,8,-,-,-,-,-
390,314,14,590756.1561,6136672.234,104047.5,5522.077659,N,1025.916936,E,4,12,0.9,23.568,M,39.415,M,1.5,0000*70,,new_Trash Can,,14,-,-,-,-,-
391,327,32,590743.3161,6136670.812,104528.75,5522.077035,N,1025.904758,E,4,13,0.9,23.509,M,39.415,M,1.8,0000*7B,,new_Trash Can,,32,-,-,-,-,-
392,323,39,590746.9766,6136655.073,104403.8,5522.068511,N,1025.907915,E,4,11,1.2,23.625,M,39.415,M,0.8,0000*7D,,new_Trash Can,,39,-,-,-,-,-
393,348,57,590721.8714,6136645.452,110911.65,5522.063604,N,1025.88397,E,4,10,1,23.717,M,39.413,M,0.6,0007*77,,new_Trash Can,,57,-,-,-,-,-
394,356,63,590703.0958,6136650.249,111237.4,5522.066397,N,1025.866295,E,4,14,1,23.574,M,39.413,M,1.4,0007*75,,new_Trash Can,,63,-,-,-,-,-
395,361,71,590685.1009,6136652.387,111459.6,5522.067749,N,1025.849308,E,4,14,1,23.767,M,39.413,M,1.6,0007*7B,,new_Trash Can,,71,-,-,-,-,-
396,431,260,590695.1262,6136771.777,115438.15,5522.131988,N,1025.861117,E,4,9,1.6,23.53,M,39.413,M,1.1,0013*75,,new_Trash Can,,260,-,-,-,-,-
397,429,261,590693.4758,6136787.422,115357.2,5522.140438,N,1025.859859,E,4,11,1.1,23.593,M,39.413,M,1.2,0013*75,,new_Trash Can,,261,-,-,-,-,-
398,305,3,590777.0489,6136656.142,103709.2,5522.068754,N,1025.936395,E,4,13,1.1,23.354,M,39.415,M,1.2,0000*7D,,new_Tree,,3,-,-,1103670673,-,-
399,317,12,590757.5657,6136666.955,104153.4,5522.074798,N,1025.918168,E,4,9,1.3,23.529,M,39.415,M,1.4,0000*7C,,new_Tree,,12,-,-,1103670581,-,-
400,313,16,590757.5551,6136674.776,104024.6,5522.079014,N,1025.91831,E,4,11,1,23.535,M,39.415,M,1.6,0000*79,,new_Tree,,16,-,-,1103670972,-,-
401,312,17,590762.1968,6136673.784,103954.95,5522.078427,N,1025.922683,E,4,11,0.9,23.566,M,39.415,M,2,0000*7A,,new_Tree,,17,-,-,1103670695,-,-
402,311,18,590766.682,6136674.915,103935.35,5522.078987,N,1025.92695,E,4,12,0.9,23.483,M,39.415,M,1.4,0000*73,,new_Tree,,18,-,-,1103670861,-,-
403,299,19,590781.8109,6136675.47,103428.4,5522.079119,N,1025.941278,E,4,12,0.9,23.628,M,39.415,M,1.4,0000*70,,new_Tree,,19,-,-,1103670597,-,-
404,297,20,590787.1209,6136673.71,103346.35,5522.078111,N,1025.946269,E,4,12,0.9,23.564,M,39.415,M,1.4,0000*7B,,new_Tree,,20,-,-,1103670846,-,-
405,296,21,590788.9857,6136676.598,103311.2,5522.079647,N,1025.94809,E,4,12,0.9,23.658,M,39.415,M,1.2,0000*7C,,new_Tree,,21,-,-,1103670869,-,-
406,332,40,590745.1351,6136654.44,104742.3,5522.068191,N,1025.906161,E,4,8,2.1,23.543,M,39.415,M,1.3,0000*75,,new_Tree,,40,-,-,1103670568,-,-
407,331,41,590743.4234,6136658.749,104710.95,5522.070532,N,1025.904625,E,4,11,1.2,23.837,M,39.415,M,2,0000*73,,new_Tree,,41,-,-,1103670364,-,-
408,328,42,590741.7417,6136672.329,104544.8,5522.07787,N,1025.903297,E,4,12,0.9,23.54,M,39.415,M,1.8,0000*7B,,new_Tree,,42,-,-,1103670519,-,-
409,338,43,590736.5876,6136671.504,105144.25,5522.077482,N,1025.898404,E,4,9,1.4,23.445,M,39.415,M,1.3,0000*7B,,new_Tree,,43,-,-,1103670984,-,-
410,340,45,590726.1233,6136670.573,105226.8,5522.077097,N,1025.888482,E,4,12,0.9,23.503,M,39.415,M,0.8,0000*7B,,new_Tree,,45,-,-,1103670678,-,-
411,341,46,590721.9498,6136670.655,105248.35,5522.077187,N,1025.884534,E,4,10,1.1,23.564,M,39.415,M,1.4,0000*73,,new_Tree,,46,-,-,1103670700,-,-
412,344,49,590724.9094,6136652.061,105837.7,5522.067133,N,1025.886973,E,4,8,1.9,23.558,M,39.415,M,1.7,0000*7B,,new_Tree,,49,-,-,1103670391,-,-
413,343,50,590729.0206,6136651.369,105428.35,5522.066714,N,1025.890851,E,4,9,1.7,23.529,M,39.415,M,1.4,0000*70,,new_Tree,,50,-,-,1103670754,-,-
414,334,51,590739.6705,6136653.331,104952.7,5522.067653,N,1025.900967,E,4,7,2.1,23.425,M,39.415,M,5.7,0000*7B,,new_Tree,,51,-,-,1103670514,-,-
415,351,58,590712.6923,6136650.558,111027.95,5522.066458,N,1025.875383,E,4,16,0.7,23.532,M,39.413,M,0.9,0007*75,,new_Tree,,58,-,-,1103670406,-,-
416,352,59,590711.4911,6136647.46,111049.85,5522.064801,N,1025.874186,E,4,16,0.7,23.698,M,39.413,M,0.9,0007*76,,new_Tree,,59,-,-,1103670433,-,-
417,353,60,590708.6297,6136644.041,111124.85,5522.06299,N,1025.871412,E,4,15,0.7,23.275,M,39.413,M,1.9,0007*74,,new_Tree,,60,-,-,-,-,-
418,354,61,590706.8367,6136647.435,111151.85,5522.064839,N,1025.869781,E,4,16,0.7,23.329,M,39.413,M,0.9,0007*70,,new_Tree,,61,-,-,1103670542,-,-
419,359,69,590691.6287,6136656.122,111413.15,5522.06969,N,1025.855557,E,4,14,0.9,23.631,M,39.413,M,1.1,0007*7B,,new_Tree,,69,-,-,-,-,-
420,363,72,590686.0468,6136658.189,111624.15,5522.070866,N,1025.850316,E,4,12,1,24.185,M,39.413,M,1.1,0007*79,,new_Tree,,72,-,-,1103670394,-,-
421,364,73,590689.6194,6136661.276,111715.7,5522.07249,N,1025.853757,E,4,13,1,23.804,M,39.413,M,1.7,0007*71,,new_Tree,,73,-,-,1103670759,-,-
422,365,74,590685.5844,6136663.812,111735,5522.073902,N,1025.849987,E,4,10,1.1,24.036,M,39.413,M,2,0007*7C,,new_Tree,,74,-,-,1103670586,-,-
423,372,83,590673.4474,6136687.416,112114.4,5522.086758,N,1025.83896,E,4,9,1.1,24.349,M,39.413,M,1.4,0007*74,,new_Tree,,83,-,-,1103670627,-,-
424,369,89,590697.5662,6136679.785,111952.4,5522.082378,N,1025.861637,E,4,15,0.8,23.457,M,39.413,M,2.4,0007*70,,new_Tree,,89,-,-,1103670783,-,-
425,379,90,590707.2816,6136679.365,112450.75,5522.082044,N,1025.870823,E,4,16,0.8,23.072,M,39.413,M,1.8,0007*75,,new_Tree,,90,-,-,1103670496,-,-
426,503,90,590707.1856,6136679.53,122740.6,5522.082134,N,1025.870735,E,4,13,1,23.103,M,39.413,M,1.6,0013*7E,,new_Tree,,90,-,-,1103670496,-,-
427,380,91,590709.5818,6136675.169,112518.35,5522.079757,N,1025.872918,E,4,16,0.8,23.377,M,39.413,M,1.4,0007*72,,new_Tree,,91,-,-,1103670490,-,-
428,504,91,590709.6303,6136674.969,122759.45,5522.079649,N,1025.87296,E,4,13,0.9,23.466,M,39.413,M,1.5,0013*7D,,new_Tree,,91,-,-,1103670490,-,-
429,378,92,590708.7184,6136686.018,112422.75,5522.085614,N,1025.872312,E,4,15,0.8,23.487,M,39.413,M,1.8,0007*72,,new_Tree,,92,-,-,1103670351,-,-
430,502,92,590708.7836,6136685.933,122716.45,5522.085568,N,1025.872372,E,4,13,0.9,23.085,M,39.413,M,1.5,0013*79,,new_Tree,,92,-,-,1103670351,-,-
431,381,93,590705.3211,6136714.746,112618.2,5522.101136,N,1025.869656,E,4,15,0.8,23.275,M,39.413,M,1.2,0007*70,,new_Tree,,93,-,-,1103670365,-,-
432,382,94,590695.1985,6136716.873,112653.25,5522.102394,N,1025.860118,E,4,15,0.8,23.191,M,39.413,M,1.3,0007*7E,,new_Tree,,94,-,-,1103670396,-,-
433,383,95,590692.3108,6136722.171,112721.05,5522.105282,N,1025.857488,E,4,15,0.8,23.827,M,39.413,M,1,0007*7C,,new_Tree,,95,-,-,1103670502,-,-
434,384,96,590693.4044,6136728.218,112749.05,5522.108529,N,1025.85864,E,4,14,0.8,23.357,M,39.413,M,1,0007*78,,new_Tree,,96,-,-,1103670842,-,-
435,386,97,590682.8159,6136723.679,112928.9,5522.1062,N,1025.848532,E,4,15,0.8,24.195,M,39.413,M,1.9,0007*7F,,new_Tree,,97,-,-,1103670626,-,-
436,387,98,590678.7564,6136725.435,112945.95,5522.107191,N,1025.844724,E,4,16,0.8,23.912,M,39.413,M,2,0007*78,,new_Tree,,98,-,-,1103670755,-,-
437,388,99,590676.766,6136721.407,113003.75,5522.105042,N,1025.842762,E,4,16,0.8,24.135,M,39.413,M,1.8,0007*72,,new_Tree,,99,-,-,1103670532,-,-
438,389,100,590671.7501,6136722.529,113023.95,5522.105703,N,1025.838037,E,4,14,0.8,23.857,M,39.413,M,2,0007*79,,new_Tree,,100,-,-,1103670643,-,-
439,390,104,590675.3955,6136717.416,113046.9,5522.102906,N,1025.841388,E,4,15,0.8,24.248,M,39.413,M,0.9,0007*7C,,new_Tree,,104,-,-,1103670854,-,-
440,391,105,590679.0925,6136717.378,113124.45,5522.102845,N,1025.844886,E,4,14,0.9,24.79,M,39.413,M,1.5,0007*79,,new_Tree,,105,-,-,1103670438,-,-
441,585,106,590677.0672,6136702.924,131702,5522.095077,N,1025.842688,E,5,6,7.2,25.462,M,39.413,M,1,0013*78,,new_Tree,,106,-,-,1067406484,-,-
442,395,114,590659.5545,6136716.258,113401.2,5522.102457,N,1025.826374,E,4,11,0.9,23.771,M,39.413,M,1.2,0007*79,,new_Tree,,114,-,-,1103670421,-,-
443,396,115,590655.8212,6136716.145,113439.45,5522.102438,N,1025.822838,E,4,8,1.6,23.815,M,39.413,M,1.5,0007*71,,new_Tree,,115,-,-,1103670623,-,-
444,398,117,590657.1611,6136722.709,113624.45,5522.105961,N,1025.824234,E,4,12,0.9,23.858,M,39.413,M,1.5,0007*72,,new_Tree,,117,-,-,1103670440,-,-
445,401,118,590655.109,6136729.084,113742.25,5522.10942,N,1025.822416,E,4,12,0.9,23.681,M,39.413,M,1.3,0007*7B,,new_Tree,,118,-,-,1103670765,-,-
446,399,119,590661.1988,6136729.604,113653.05,5522.109633,N,1025.828189,E,4,13,0.9,23.432,M,39.413,M,1,0007*7E,,new_Tree,,119,-,-,1103670864,-,-
447,490,174,590739.1899,6136689.896,122223.8,5522.087367,N,1025.901224,E,4,12,0.9,23.141,M,39.413,M,0.8,0013*71,,new_Tree,,174,-,-,1034135709,-,-
448,494,177,590734.2568,6136689.486,122334.2,5522.087201,N,1025.896548,E,4,12,0.9,23.299,M,39.413,M,1.2,0013*7C,,new_Tree,,177,-,-,1034135708,-,-
449,495,179,590729.7816,6136688.796,122348.15,5522.086878,N,1025.892299,E,4,12,1.1,23.273,M,39.413,M,1.1,0013*74,,new_Tree,,179,-,-,1034135711,-,-
450,472,195,590756.4638,6136709.399,121504.7,5522.097687,N,1025.917951,E,4,12,0.8,23.158,M,39.413,M,1.7,0013*77,,new_Tree,,195,-,-,1034135706,-,-
451,473,196,590760.2246,6136709.929,121517.45,5522.097931,N,1025.92152,E,4,12,0.8,23.197,M,39.413,M,1.5,0013*71,,new_Tree,,196,-,-,1034135705,-,-
452,474,197,590764.1597,6136710.309,121532.75,5522.098092,N,1025.925252,E,4,13,0.8,23.234,M,39.413,M,1.8,0013*7E,,new_Tree,,197,-,-,1034135473,-,-
453,441,212,590731.6462,6136725.366,115908.3,5522.106568,N,1025.894776,E,4,12,1,23.535,M,39.413,M,1.3,0013*7D,,new_Tree,,212,-,-,1034135470,-,-
454,443,215,590735.8262,6136725.798,120136.55,5522.106754,N,1025.89874,E,4,13,0.8,23.36,M,39.413,M,1.5,0013*72,,new_Tree,,215,-,-,1034135703,-,-
455,445,217,590739.8001,6136726.046,120227.55,5522.106844,N,1025.902505,E,4,13,0.9,23.342,M,39.413,M,1.5,0013*74,,new_Tree,,217,-,-,1034135702,-,-
456,451,223,590769.4103,6136728.815,120637,5522.108008,N,1025.930581,E,4,13,0.9,23.053,M,39.413,M,1,0013*79,,new_Tree,,223,-,-,1034135476,-,-
457,453,226,590773.1514,6136729.254,120715.45,5522.108204,N,1025.93413,E,4,13,0.9,23.078,M,39.413,M,1.5,0013*75,,new_Tree,,226,-,-,1034135475,-,-
458,454,227,590777.3034,6136729.691,120731.7,5522.108393,N,1025.938068,E,4,12,1.2,23.229,M,39.413,M,0.7,0013*7F,,new_Tree,,227,-,-,1034135478,-,-
459,580,236,590771.4346,6136756.741,130855.2,5522.123038,N,1025.933041,E,4,8,2.5,22.923,M,39.413,M,1.2,0013*72,,new_Tree,,236,-,-,-,-,-
460,581,238,590747.6099,6136754.74,131034.7,5522.122223,N,1025.910455,E,4,11,1.1,23.864,M,39.413,M,1.7,0013*7E,,new_Tree,,238,-,-,-,-,-
461,562,289,590711.6535,6136806.557,125957.75,5522.15055,N,1025.877435,E,4,7,3.3,22.721,M,39.413,M,1.8,0013*78,,new_Tree,,289,-,-,1202734486,-,-
462,561,290,590716.6904,6136806.902,125942.9,5522.150681,N,1025.882208,E,4,9,1.8,23.515,M,39.413,M,0.9,0013*76,,new_Tree,,290,-,-,1202734424,-,-
463,560,291,590721.6756,6136807.579,125926.3,5522.15099,N,1025.886939,E,4,8,2.2,22.779,M,39.413,M,1.3,0013*72,,new_Tree,,291,-,-,1202734487,-,-
464,559,292,590726.52,6136807.855,125906.85,5522.151085,N,1025.891529,E,4,10,1.2,23.544,M,39.413,M,0.9,0013*7A,,new_Tree,,292,-,-,1202734423,-,-
465,558,293,590731.6701,6136808.434,125841.35,5522.15134,N,1025.896414,E,4,11,0.9,24.01,M,39.413,M,1.4,0013*74,,new_Tree,,293,-,-,1202734422,-,-
466,557,294,590736.7898,6136809.01,125823.65,5522.151594,N,1025.901271,E,4,10,1.2,23.89,M,39.413,M,1.6,0013*73,,new_Tree,,294,-,-,1202734421,-,-
467,556,296,590747.4124,6136809.999,125755.7,5522.152009,N,1025.911343,E,4,11,0.9,23.905,M,39.413,M,1.7,0013*7E,,new_Tree,,296,-,-,1202734428,-,-
468,555,297,590752.3062,6136810.398,125737.15,5522.15217,N,1025.915983,E,4,11,0.9,24.039,M,39.413,M,1.1,0013*7E,,new_Tree,,297,-,-,1202734427,-,-
469,554,298,590757.4763,6136810.963,125720.15,5522.152417,N,1025.920886,E,4,10,1.2,23.898,M,39.413,M,1.1,0013*71,,new_Tree,,298,-,-,1202734426,-,-
470,553,299,590762.4437,6136811.42,125703.95,5522.152608,N,1025.925596,E,4,10,1.2,23.989,M,39.413,M,0.9,0013*7C,,new_Tree,,299,-,-,1202734425,-,-
471,552,300,590767.4045,6136812.019,125647.8,5522.152876,N,1025.930303,E,4,10,1.2,23.869,M,39.413,M,0.8,0013*7B,,new_Tree,,300,-,-,1202734430,-,-
472,551,301,590772.213,6136812.437,125630.85,5522.153048,N,1025.934861,E,4,11,0.9,23.449,M,39.413,M,0.9,0013*75,,new_Tree,,301,-,-,1202734429,-,-
473,518,534,590804.9807,6136721.204,123537.3,5522.103512,N,1025.964095,E,4,10,1.3,26.818,M,39.413,M,1.3,0013*7B,,new_Tree,,534,-,-,-,-,-
474,519,535,590806.154,6136716.441,123558.75,5522.100932,N,1025.965113,E,4,5,10.3,26.865,M,39.413,M,1.8,0013*47,,new_Tree,,535,-,-,-,-,-
475,520,536,590804.9043,6136707.264,123624.85,5522.095999,N,1025.963752,E,4,11,1.2,25.805,M,39.413,M,0.9,0013*78,,new_Tree,,536,-,-,-,-,-
476,521,537,590802.2901,6136770.088,123812.45,5522.12989,N,1025.962501,E,4,9,1.4,26.703,M,39.413,M,1.5,0013*74,,new_Tree,,537,-,-,-,-,-
477,522,538,590798.8775,6136769.154,123847.9,5522.129424,N,1025.959253,E,4,8,1.8,25.033,M,39.413,M,0.9,0013*70,,new_Tree,,538,-,-,-,-,-
478,547,564,590791.7046,6136817.948,125423.3,5522.155802,N,1025.953415,E,4,11,1.3,24.346,M,39.413,M,1.3,0013*70,,new_Tree,,564,-,-,-,-,-
479,548,565,590797.8368,6136818.433,125451.9,5522.155996,N,1025.959228,E,4,7,2.4,26.75,M,39.413,M,1.9,0013*72,,new_Tree,,565,-,-,-,-,-
480,549,566,590797.6096,6136820.201,125519.15,5522.156951,N,1025.959048,E,4,7,2.4,26.677,M,39.413,M,1.1,0013*7A,,new_Tree,,566,-,-,-,-,-
481,588,606,590805.8406,6136683.026,132151.15,5522.082925,N,1025.964165,E,4,10,1.6,24.402,M,39.413,M,1.1,0013*75,,new_Tree,,606,-,-,-,-,-
482,589,607,590806.4336,6136678.119,132217.6,5522.080273,N,1025.964631,E,4,8,1.3,24.225,M,39.413,M,1.6,0013*7B,,new_Tree,,607,-,-,-,-,-
483,373,84,590671.3505,6136686.223,112130.6,5522.086139,N,1025.836953,E,4,13,0.8,24.4,M,39.413,M,1.6,0007*78,,new_Tree Stump,,84,-,-,1103670638,-,-
484,357,374,590699.2511,6136645.687,111258.95,5522.063981,N,1025.862568,E,4,14,1,23.539,M,39.413,M,0.9,0007*79,,new_Unknown,,374,-,-,-,-,-
485,360,377,590686.2933,6136652.765,111445.2,5522.06794,N,1025.850443,E,4,14,1,23.601,M,39.413,M,1.2,0007*73,,new_Light Fixture,,377,-,-,1103669380,-,-
486,362,379,590682.3541,6136652.614,111520.75,5522.067902,N,1025.846712,E,4,14,1,23.766,M,39.413,M,1.8,0007*77,,new_Unknown,,379,-,-,-,-,-
487,404,421,590639.8312,6136722.951,113901.4,5522.106283,N,1025.807839,E,4,11,1.6,23.736,M,39.413,M,1.4,0007*74,,new_Unknown,,421,-,-,-,-,-
488,405,422,590638.9471,6136725.525,113937.6,5522.107681,N,1025.807052,E,4,11,1.6,23.512,M,39.413,M,1.6,0007*78,,new_Unknown,,422,-,-,-,-,-
489,406,423,590638.5873,6136731.777,113956.6,5522.111054,N,1025.806833,E,4,11,1.6,23.227,M,39.413,M,1.6,0007*70,,new_Unknown,,423,-,-,-,-,-
490,407,424,590638.1496,6136736.635,114016.9,5522.113677,N,1025.806513,E,4,13,0.9,23.507,M,39.413,M,0.9,0007*7A,,new_Manhole Cover,,424,-,-,1034152864,-,-
491,408,425,590625.4822,6136741.632,114059.05,5522.116511,N,1025.794622,E,4,12,1.2,23.346,M,39.413,M,2,0007*7B,,new_Light Fixture,,425,-,-,1034152974,-,-
492,6,8,590757.6586,6136655.163,102021.55,5522.068442,N,1025.918026,E,4,9,,25.602,M,39.413,M,1.5,0008*7B,,Trash Can,,8,-,-,-,-,-
493,12,14,590756.0603,6136672.267,102202,5522.077678,N,1025.916846,E,4,6,,22.349,M,39.413,M,2,0008*72,,Trash Can,,14,-,-,-,-,-
494,29,32,590743.291,6136670.799,102751.8,5522.077028,N,1025.904734,E,4,12,,22.138,M,39.413,M,0.8,0008*79,,Trash Can,,32,-,-,-,-,-
495,36,39,590747.1347,6136654.721,102948.15,5522.06832,N,1025.908058,E,4,6,,22.506,M,39.413,M,4.2,0008*40,,Trash Can,,39,-,-,-,-,-
496,54,57,590721.8885,6136645.42,104021.8,5522.063586,N,1025.883986,E,4,6,,22.398,M,39.413,M,1.8,0008*75,,Trash Can,,57,-,-,-,-,-
497,60,63,590702.8697,6136650.236,104149.05,5522.066393,N,1025.866081,E,4,7,,22.569,M,39.413,M,2,0008*7F,,Trash Can,,63,-,-,-,-,-
498,68,71,590685.1046,6136652.329,104438.45,5522.067718,N,1025.84931,E,4,10,,22.023,M,39.413,M,1.5,0008*7B,,Trash Can,,71,-,-,-,-,-
499,247,260,590694.9932,6136771.986,131940.4,5522.132102,N,1025.860995,E,4,8,,22.462,M,39.415,M,1.4,0024*73,,Trash Can,,260,-,-,-,-,-
500,248,261,590693.6681,6136787.812,132008.6,5522.140646,N,1025.860049,E,4,5,,23.533,M,39.415,M,1.6,0024*44,,Trash Can,,261,-,-,-,-,-
501,2,3,590776.8167,6136656.367,101752.75,5522.068878,N,1025.93618,E,4,7,,23.082,M,39.413,M,1.8,0008*78,,Tree,,3,-,-,1103670673,-,-
502,10,12,590757.7121,6136666.925,102138.25,5522.074781,N,1025.918306,E,4,5,,22.917,M,39.413,M,1.3,0008*72,,Tree,,12,-,-,1103670581,-,-
503,14,16,590757.2229,6136674.71,102219.55,5522.078982,N,1025.917994,E,4,11,,22.975,M,39.413,M,1.5,0008*7F,,Tree,,16,-,-,1103670972,-,-
504,15,17,590761.8168,6136673.886,102234.55,5522.078487,N,1025.922326,E,4,12,,22.972,M,39.413,M,1.5,0008*72,,Tree,,17,-,-,1103670695,-,-
505,16,18,590766.5857,6136675.189,102245.35,5522.079136,N,1025.926864,E,4,9,,22.965,M,39.413,M,1.4,0008*7B,,Tree,,18,-,-,1103670861,-,-
506,17,19,590781.5982,6136675.639,102312.15,5522.079212,N,1025.94108,E,4,10,,23.185,M,39.413,M,1.1,0008*76,,Tree,,19,-,-,1103670597,-,-
507,18,20,590786.721,6136673.61,102327.6,5522.078062,N,1025.945888,E,4,9,,23.139,M,39.413,M,1.6,0008*75,,Tree,,20,-,-,1103670846,-,-
508,19,21,590788.6649,6136676.537,102339.75,5522.079618,N,1025.947785,E,4,12,,23.249,M,39.413,M,1.8,0008*72,,Tree,,21,-,-,1103670869,-,-
509,37,40,590745.239,6136654.231,103019.55,5522.068077,N,1025.906255,E,4,7,,23.046,M,39.413,M,2.5,0008*73,,Tree,,40,-,-,1103670568,-,-
510,38,41,590743.748,6136658.779,103056.2,5522.070545,N,1025.904932,E,4,10,,22.997,M,39.413,M,1.2,0008*70,,Tree,,41,-,-,1103670364,-,-
511,39,42,590741.5446,6136672.231,103121.25,5522.07782,N,1025.903109,E,4,11,,23.02,M,39.413,M,1.3,0008*7F,,Tree,,42,-,-,1103670519,-,-
512,40,43,590737.0117,6136671.695,103131.9,5522.077581,N,1025.898809,E,4,7,,23.189,M,39.413,M,0.9,0008*70,,Tree,,43,-,-,1103670984,-,-
513,42,45,590726.0534,6136670.676,103204.95,5522.077153,N,1025.888418,E,4,11,,23.123,M,39.413,M,0.9,0008*71,,Tree,,45,-,-,1103670678,-,-
514,43,46,590721.7491,6136670.67,103216.85,5522.077197,N,1025.884345,E,4,12,,23.032,M,39.413,M,0.9,0008*7F,,Tree,,46,-,-,1103670700,-,-
515,46,49,590724.6287,6136651.838,103332.45,5522.067015,N,1025.886704,E,4,8,,23.045,M,39.413,M,1.5,0008*75,,Tree,,49,-,-,1103670391,-,-
516,47,50,590728.9694,6136651.24,103350.35,5522.066645,N,1025.8908,E,4,5,,23.071,M,39.413,M,4.3,0008*72,,Tree,,50,-,-,1103670754,-,-
517,48,51,590739.2274,6136653.822,103437.65,5522.067923,N,1025.900558,E,4,6,,23.52,M,39.413,M,1.6,0008*7F,,Tree,,51,-,-,1103670514,-,-
518,55,58,590712.6072,6136650.533,104052,5522.066445,N,1025.875302,E,4,10,,22.88,M,39.413,M,2,0008*77,,Tree,,58,-,-,1103670406,-,-
519,56,59,590711.4614,6136647.394,104104.95,5522.064766,N,1025.874156,E,4,10,,23.303,M,39.413,M,0.9,0008*7E,,Tree,,59,-,-,1103670433,-,-
520,57,60,590708.4953,6136644.41,104117.1,5522.06319,N,1025.871291,E,4,12,,23.008,M,39.413,M,1.1,0008*77,,Tree,,60,-,-,-,-,-
521,58,61,590706.6116,6136647.557,104124.55,5522.064908,N,1025.86957,E,4,10,,23.121,M,39.413,M,1.5,0008*73,,Tree,,61,-,-,1103670542,-,-
522,66,69,590691.2809,6136655.71,104405.1,5522.069472,N,1025.85522,E,4,9,,22.22,M,39.413,M,1.1,0008*7D,,Tree,,69,-,-,-,-,-
523,69,72,590686.5717,6136658.037,104456.95,5522.070778,N,1025.850809,E,4,8,,23.163,M,39.413,M,2,0008*7B,,Tree,,72,-,-,1103670394,-,-
524,70,73,590689.8672,6136661.378,104508.9,5522.072543,N,1025.853993,E,4,8,,23.165,M,39.413,M,0.9,0008*74,,Tree,,73,-,-,1103670759,-,-
525,71,74,590685.5268,6136663.9,104519.2,5522.07395,N,1025.849934,E,4,8,,23.502,M,39.413,M,1.2,0008*71,,Tree,,74,-,-,1103670586,-,-
526,79,83,590673.2085,6136687.412,104821.7,5522.086759,N,1025.838734,E,4,5,,23.868,M,39.413,M,0.7,0008*79,,Tree,,83,-,-,1103670627,-,-
527,85,89,590697.684,6136679.82,105242.7,5522.082396,N,1025.861749,E,4,11,,23.18,M,39.413,M,1.7,0008*70,,Tree,,89,-,-,1103670783,-,-
528,86,90,590707.0091,6136679.543,105300.7,5522.082143,N,1025.870568,E,4,12,,22.356,M,39.413,M,1.7,0008*78,,Tree,,90,-,-,1103670496,-,-
529,87,91,590709.6413,6136675.021,105314.1,5522.079677,N,1025.872971,E,4,9,,23.003,M,39.413,M,1.1,0008*7A,,Tree,,91,-,-,1103670490,-,-
530,88,92,590708.713,6136685.76,105335.7,5522.085475,N,1025.872302,E,4,10,,23.098,M,39.413,M,1.7,0008*7A,,Tree,,92,-,-,1103670351,-,-
531,89,93,590705.2503,6136714.83,105413.15,5522.101182,N,1025.86959,E,4,12,,22.953,M,39.413,M,1.1,0008*7A,,Tree,,93,-,-,1103670365,-,-
532,90,94,590695.2436,6136716.746,105434.65,5522.102325,N,1025.860158,E,4,12,,22.539,M,39.413,M,1.6,0008*73,,Tree,,94,-,-,1103670396,-,-
533,91,95,590692.413,6136722.442,105448.15,5522.105427,N,1025.85759,E,4,12,,23.282,M,39.413,M,1.1,0008*77,,Tree,,95,-,-,1103670502,-,-
534,92,96,590693.4318,6136728.364,105459.75,5522.108607,N,1025.858669,E,4,14,,22.937,M,39.413,M,1.8,0008*78,,Tree,,96,-,-,1103670842,-,-
535,93,97,590683.3306,6136723.934,105519.85,5522.106332,N,1025.849024,E,4,11,,23.445,M,39.413,M,0.9,0008*73,,Tree,,97,-,-,1103670626,-,-
536,94,98,590678.827,6136725.639,105530.25,5522.107301,N,1025.844795,E,4,10,,23.632,M,39.413,M,1.3,0008*77,,Tree,,98,-,-,1103670755,-,-
537,95,99,590676.7474,6136721.419,105539.2,5522.105049,N,1025.842745,E,4,11,,23.31,M,39.413,M,1.2,0008*7C,,Tree,,99,-,-,1103670532,-,-
538,96,100,590671.6233,6136722.746,105550.7,5522.105821,N,1025.837921,E,4,10,,23.233,M,39.413,M,1.7,0008*78,,Tree,,100,-,-,1103670643,-,-
539,100,104,590675.5964,6136717.294,105652.5,5522.102838,N,1025.841575,E,4,11,,23.607,M,39.413,M,1.5,0008*75,,Tree,,104,-,-,1103670854,-,-
540,101,105,590679.2639,6136717.493,105704.2,5522.102905,N,1025.84505,E,4,9,,23.726,M,39.413,M,2.2,0008*77,,Tree,,105,-,-,1103670438,-,-
541,102,106,590677.8243,6136704.308,105755.1,5522.095814,N,1025.843431,E,5,10,,22.006,M,39.413,M,1.1,0008*7D,,Tree,,106,-,-,1067406484,-,-
542,109,114,590659.9383,6136716.214,110240.5,5522.10243,N,1025.826736,E,4,8,,23.085,M,39.413,M,1.5,0008*72,,Tree,,114,-,-,1103670421,-,-
543,110,115,590655.6799,6136716.079,110327.85,5522.102404,N,1025.822703,E,5,6,,23.397,M,39.413,M,0.9,0008*7B,,Tree,,115,-,-,1103670623,-,-
544,112,117,590657.2424,6136722.854,110427.25,5522.106038,N,1025.824314,E,4,7,,23.174,M,39.413,M,1.3,0008*70,,Tree,,117,-,-,1103670440,-,-
545,113,118,590654.878,6136728.419,110443.5,5522.109064,N,1025.822184,E,4,7,,23.153,M,39.413,M,1.5,0008*7D,,Tree,,118,-,-,1103670765,-,-
546,114,119,590661.1288,6136729.368,110457.1,5522.109506,N,1025.828118,E,4,7,,22.94,M,39.413,M,1.1,0008*7D,,Tree,,119,-,-,1103670864,-,-
547,166,174,590739.1133,6136689.924,124336.65,5522.087382,N,1025.901152,E,4,8,,22.792,M,39.415,M,0.6,0024*75,,Tree,,174,-,-,1034135709,-,-
548,169,177,590734.2001,6136689.406,124429.75,5522.087158,N,1025.896493,E,4,7,,22.771,M,39.415,M,1.8,0024*76,,Tree,,177,-,-,1034135708,-,-
549,170,179,590729.6419,6136688.989,124450.95,5522.086983,N,1025.892171,E,4,8,,23.084,M,39.415,M,2,0024*7D,,Tree,,179,-,-,1034135711,-,-
550,185,195,590756.3487,6136709.661,125148.15,5522.09783,N,1025.917847,E,4,10,,22.918,M,39.415,M,1.1,0024*77,,Tree,,195,-,-,1034135706,-,-
551,186,196,590760.3238,6136709.978,125200.8,5522.097956,N,1025.921615,E,4,11,,22.924,M,39.415,M,0.8,0024*76,,Tree,,196,-,-,1034135705,-,-
552,187,197,590764.2198,6136710.408,125211.85,5522.098145,N,1025.925311,E,4,12,,22.928,M,39.415,M,0.9,0024*7E,,Tree,,197,-,-,1034135473,-,-
553,202,212,590731.7504,6136725.325,125802.05,5522.106545,N,1025.894873,E,4,8,,22.953,M,39.415,M,2,0024*74,,Tree,,212,-,-,1034135470,-,-
554,205,215,590735.9046,6136725.777,125829.25,5522.106743,N,1025.898813,E,4,7,,22.953,M,39.415,M,1.3,0024*70,,Tree,,215,-,-,1034135703,-,-
555,207,217,590739.9249,6136725.99,125852.05,5522.106813,N,1025.902622,E,4,11,,22.826,M,39.415,M,1,0024*7A,,Tree,,217,-,-,1034135702,-,-
556,213,223,590769.5742,6136728.799,130041.3,5522.107998,N,1025.930736,E,4,7,,22.91,M,39.415,M,1.3,0024*75,,Tree,,223,-,-,1034135476,-,-
557,215,226,590773.3225,6136729.257,130108.85,5522.108203,N,1025.934292,E,4,7,,22.87,M,39.415,M,1.9,0024*7D,,Tree,,226,-,-,1034135475,-,-
558,216,227,590777.409,6136729.676,130122.75,5522.108384,N,1025.938167,E,4,10,,23.019,M,39.415,M,0.8,0024*79,,Tree,,227,-,-,1034135478,-,-
559,224,236,590771.2048,6136757.001,130539.8,5522.12318,N,1025.932828,E,4,10,,23.525,M,39.415,M,1.8,0024*7F,,Tree,,236,-,-,-,-,-
560,225,237,590759.5837,6136755.911,130601.45,5522.122722,N,1025.921809,E,4,11,,23.475,M,39.415,M,1.5,0024*74,,Tree,,237,-,-,-,-,-
561,226,238,590747.525,6136754.709,130622.25,5522.122208,N,1025.910374,E,4,11,,23.631,M,39.415,M,1.3,0024*74,,Tree,,238,-,-,-,-,-
562,275,289,590711.5363,6136806.549,133103.05,5522.150547,N,1025.877324,E,4,8,,22.783,M,39.415,M,2,0024*7A,,Tree,Removed,289,-,-,1202734486,-,-
563,276,290,590716.607,6136806.892,133114.6,5522.150676,N,1025.882129,E,4,8,,23.146,M,39.415,M,1.6,0024*76,,Tree,,290,-,-,1202734424,-,-
564,277,291,590721.5074,6136807.589,133145.3,5522.150997,N,1025.88678,E,4,11,,22.995,M,39.415,M,1.3,0024*76,,Tree,Removed,291,-,-,1202734487,-,-
565,278,292,590726.4497,6136807.941,133157.25,5522.151132,N,1025.891465,E,4,8,,23.37,M,39.415,M,2.3,0024*77,,Tree,,292,-,-,1202734423,-,-
566,279,293,590731.5743,6136808.437,133212.9,5522.151343,N,1025.896324,E,4,9,,23.424,M,39.415,M,0.9,0024*7A,,Tree,,293,-,-,1202734422,-,-
567,280,294,590736.5102,6136808.855,133226.75,5522.151513,N,1025.901003,E,4,9,,23.455,M,39.415,M,1.8,0024*71,,Tree,,294,-,-,1202734421,-,-
568,281,295,590741.5021,6136809.453,133245.6,5522.15178,N,1025.905739,E,4,10,,22.737,M,39.415,M,1.6,0024*7C,,Tree,Removed,295,-,-,-,-,-
569,282,296,590747.4316,6136810.082,133259.2,5522.152053,N,1025.911363,E,4,10,,23.154,M,39.415,M,1.2,0024*7E,,Tree,,296,-,-,1202734428,-,-
570,283,297,590752.2648,6136810.407,133318.95,5522.152175,N,1025.915943,E,4,13,,23.476,M,39.415,M,0.9,0024*70,,Tree,,297,-,-,1202734427,-,-
571,284,298,590757.4176,6136810.98,133337.5,5522.152427,N,1025.920831,E,4,11,,23.5,M,39.415,M,1.5,0024*71,,Tree,,298,-,-,1202734426,-,-
572,285,299,590762.2019,6136811.34,133350.45,5522.152568,N,1025.925366,E,4,9,,23.532,M,39.415,M,1.5,0024*71,,Tree,,299,-,-,1202734425,-,-
573,286,300,590767.2273,6136811.849,133403.9,5522.152787,N,1025.930132,E,4,10,,23.444,M,39.415,M,0.9,0024*78,,Tree,,300,-,-,1202734430,-,-
574,287,301,590772.1839,6136812.522,133427.65,5522.153094,N,1025.934836,E,4,9,,23.442,M,39.415,M,1.6,0024*74,,Tree,,301,-,-,1202734429,-,-
575,289,304,590672.3786,6136776.85,133825.75,5522.134974,N,1025.839688,E,5,7,,26.247,M,39.415,M,1.8,0024*73,,Tree,Collection of Trees,304,-,-,-,-,-
576,80,84,590671.3696,6136686.314,104857.15,5522.086187,N,1025.836973,E,4,9,,22.376,M,39.413,M,1.1,0008*7A,,Tree Stump,,84,-,-,1103670638,-,-
