,time,latDir,lonDir,fix,nSat,altitude,unit,height (datum),unit.1,DGPSRefID?,checksum,note,typename,sub category,geometry,label,id
0,101617.85,N,E,4,7,23.544,M,39.413000000000004,M,1.9,0008*76,,Light Fixture,,"Point;[590780.4087117385],[6136655.058055455]",Light Fixture,1
1,101752.75,N,E,4,7,23.081999999999997,M,39.413000000000004,M,1.8,0008*78,,Tree,,"Point;[590776.8167006156],[6136656.366757181]",Tree,3
2,101828.9,N,E,4,8,21.5,M,39.413000000000004,M,0.9,0008*71,,Manhole Cover,Small Manhole Cover,"Point;[590766.6229227203],[6136656.922938451]",Manhole Cover,4
3,101908.8,N,E,5,6,22.389,M,39.413000000000004,M,1.8,0008*7C,,Manhole Cover,Small Manhole Cover,"Point;[590761.5687744356],[6136651.825134543]",Manhole Cover,5
4,102021.55,N,E,4,9,25.601999999999997,M,39.413000000000004,M,1.5,0008*7B,,Trash Can,,"Point;[590757.658590455],[6136655.163359902]",Trash Can,8
5,102035.2,N,E,4,9,25.511999999999997,M,39.413000000000004,M,1.2,0008*7D,,Bench,,"Point;[590757.380874137],[6136657.13692698]",Bench,9
6,102046.2,N,E,4,9,26.397,M,39.413000000000004,M,1.2,0008*7D,,Light Fixture,,"Point;[590758.2816817499],[6136657.852321987]",Light Fixture,10
7,102125.8,N,E,4,9,21.996,M,39.413000000000004,M,1.8,0008*73,,Bench,,"Point;[590756.8872380189],[6136664.244609351]",Bench,11
8,102138.25,N,E,4,5,22.916999999999998,M,39.413000000000004,M,1.3,0008*72,,Tree,,"Point;[590757.7121120801],[6136666.925476531]",Tree,12
9,102147.4,N,E,4,10,21.92,M,39.413000000000004,M,1.4,0008*74,,Bench,,"Point;[590756.2553562045],[6136670.151639229]",Bench,13
10,102202.0,N,E,4,6,22.349,M,39.413000000000004,M,2.0,0008*72,,Trash Can,,"Point;[590756.0603133208],[6136672.267170742]",Trash Can,14
11,102209.95,N,E,4,11,22.878,M,39.413000000000004,M,0.9,0008*70,,Light Fixture,,"Point;[590757.2413045258],[6136671.2895769905]",Light Fixture,15
12,102219.55,N,E,4,11,22.975,M,39.413000000000004,M,1.5,0008*7F,,Tree,,"Point;[590757.2229388512],[6136674.710079692]",Tree,16
13,102234.55,N,E,4,12,22.971999999999998,M,39.413000000000004,M,1.5,0008*72,,Tree,,"Point;[590761.8168460344],[6136673.886177858]",Tree,17
14,102245.35,N,E,4,9,22.965,M,39.413000000000004,M,1.4,0008*7B,,Tree,,"Point;[590766.5857472791],[6136675.188763508]",Tree,18
15,102312.15,N,E,4,10,23.185,M,39.413000000000004,M,1.1,0008*76,,Tree,,"Point;[590781.5982207936],[6136675.638983938]",Tree,19
16,102327.6,N,E,4,9,23.139,M,39.413000000000004,M,1.6,0008*75,,Tree,,"Point;[590786.7209628957],[6136673.610367622]",Tree,20
17,102339.75,N,E,4,12,23.249000000000002,M,39.413000000000004,M,1.8,0008*72,,Tree,,"Point;[590788.6648721257],[6136676.536907015]",Tree,21
18,102440.65,N,E,4,11,21.451,M,39.413000000000004,M,1.6,0008*7B,,Manhole Cover,,"Point;[590800.3935117396],[6136669.389901256]",Manhole Cover,23
19,102509.15,N,E,4,6,21.697,M,39.413000000000004,M,2.2,0008*72,,Manhole Cover,,"Point;[590791.9066699162],[6136655.179966236]",Manhole Cover,24
20,102535.45,N,E,4,6,21.476,M,39.413000000000004,M,1.5,0008*78,,Downspout Grille,,"Point;[590782.2904505597],[6136666.553882856]",Downspout Grille,25
21,102545.55,N,E,4,7,22.916,M,39.413000000000004,M,1.5,0008*74,,Light Fixture,,"Point;[590783.0888457238],[6136672.061752907]",Light Fixture,26
22,102608.55,N,E,4,9,21.823,M,39.413000000000004,M,1.5,0008*76,,Manhole Cover,,"Point;[590776.9927243857],[6136667.780736079]",Manhole Cover,27
23,102624.1,N,E,4,7,21.706,M,39.413000000000004,M,1.1,0008*78,,Downspout Grille,,"Point;[590772.0163028146],[6136665.6244944]",Downspout Grille,28
24,102643.65,N,E,4,11,21.766,M,39.413000000000004,M,1.6,0008*78,,Downspout Grille,,"Point;[590765.9665052788],[6136665.03917557]",Downspout Grille,30
25,102713.0,N,E,4,8,21.673000000000002,M,39.413000000000004,M,1.0,0008*78,,Downspout Grille,,"Point;[590760.1150240819],[6136664.460170694]",Downspout Grille,31
26,102751.8,N,E,4,12,22.138,M,39.413000000000004,M,0.8,0008*79,,Trash Can,,"Point;[590743.2909921629],[6136670.798944072]",Trash Can,32
27,102758.25,N,E,4,9,21.906999999999996,M,39.413000000000004,M,1.3,0008*70,,Bench,,"Point;[590743.8480931439],[6136668.835574793]",Bench,33
28,102816.35,N,E,4,9,21.95,M,39.413000000000004,M,1.4,0008*7B,,Bench,,"Point;[590745.2020823392],[6136662.991262146]",Bench,34
29,102836.25,N,E,4,10,23.015,M,39.413000000000004,M,1.3,0008*70,,Light Fixture,,"Point;[590744.0285682146],[6136662.526298703]",Light Fixture,35
30,102858.85,N,E,4,9,21.429000000000002,M,39.413000000000004,M,0.9,0008*7D,,Manhole Cover,,"Point;[590742.0635506483],[6136664.447355312]",Manhole Cover,36
31,102912.35,N,E,4,7,21.570999999999998,M,39.413000000000004,M,1.4,0008*72,,Downspout Grille,,"Point;[590740.5865738278],[6136662.70709796]",Downspout Grille,37
32,102937.3,N,E,4,8,21.87,M,39.413000000000004,M,1.3,0008*73,,Bench,,"Point;[590746.5306243434],[6136657.089653039]",Bench,38
33,102948.15,N,E,4,6,22.506,M,39.413000000000004,M,4.2,0008*40,,Trash Can,,"Point;[590747.134739894],[6136654.720931065]",Trash Can,39
34,103019.55,N,E,4,7,23.046,M,39.413000000000004,M,2.5,0008*73,,Tree,,"Point;[590745.2389540437],[6136654.231094198]",Tree,40
35,103056.2,N,E,4,10,22.997,M,39.413000000000004,M,1.2,0008*70,,Tree,,"Point;[590743.7480463715],[6136658.779046412]",Tree,41
36,103121.25,N,E,4,11,23.02,M,39.413000000000004,M,1.3,0008*7F,,Tree,,"Point;[590741.5446188475],[6136672.231347364]",Tree,42
37,103131.9,N,E,4,7,23.189,M,39.413000000000004,M,0.9,0008*70,,Tree,,"Point;[590737.0116543232],[6136671.695073331]",Tree,43
38,103149.35,N,E,4,8,23.239,M,39.413000000000004,M,1.4,0008*71,,Tree,,"Point;[590732.2789587887],[6136670.481207723]",Tree,44
39,103204.95,N,E,4,11,23.123,M,39.413000000000004,M,0.9,0008*71,,Tree,,"Point;[590726.0533525739],[6136670.67602488]",Tree,45
40,103216.85,N,E,4,12,23.031999999999996,M,39.413000000000004,M,0.9,0008*7F,,Tree,,"Point;[590721.7491432539],[6136670.669903045]",Tree,46
41,103246.75,N,E,4,10,21.43,M,39.413000000000004,M,1.8,0008*71,,Downspout Grille,,"Point;[590722.6809647649],[6136660.872818375]",Downspout Grille,47
42,103312.15,N,E,4,11,23.213,M,39.413000000000004,M,1.1,0008*78,,Light Fixture,,"Point;[590720.921927423],[6136652.467575159]",Light Fixture,48
43,103332.45,N,E,4,8,23.045,M,39.413000000000004,M,1.5,0008*75,,Tree,,"Point;[590724.6286647135],[6136651.838016031]",Tree,49
44,103350.35,N,E,4,5,23.070999999999998,M,39.413000000000004,M,4.3,0008*72,,Tree,,"Point;[590728.9693989038],[6136651.240420706]",Tree,50
45,103437.65,N,E,4,6,23.52,M,39.413000000000004,M,1.6,0008*7F,,Tree,,"Point;[590739.2273504635],[6136653.822484519]",Tree,51
46,103457.75,N,E,4,10,21.717,M,39.413000000000004,M,0.8,0008*73,,Downspout Grille,,"Point;[590734.6841036801],[6136662.079210576]",Downspout Grille,52
47,103520.9,N,E,4,10,21.645,M,39.413000000000004,M,0.9,0008*78,,Downspout Grille,,"Point;[590728.6669394175],[6136661.479029328]",Downspout Grille,53
48,103702.5,N,E,4,10,21.669,M,39.413000000000004,M,1.5,0008*7C,,Downspout Grille,,"Point;[590715.2557497439],[6136649.412219292]",Downspout Grille,54
49,103714.65,N,E,4,9,21.564,M,39.413000000000004,M,0.6,0008*76,,Manhole Cover,Small Manhole Cover,"Point;[590720.3585044793],[6136647.892963119]",Manhole Cover,55
50,103725.9,N,E,4,10,21.491999999999997,M,39.413000000000004,M,0.9,0008*79,,Manhole Cover,Small Manhole Cover,"Point;[590721.8971150022],[6136647.006203081]",Manhole Cover,56
51,104021.8,N,E,4,6,22.398000000000003,M,39.413000000000004,M,1.8,0008*75,,Trash Can,,"Point;[590721.888522709],[6136645.419709058]",Trash Can,57
52,104052.0,N,E,4,10,22.88,M,39.413000000000004,M,2.0,0008*77,,Tree,,"Point;[590712.6072289615],[6136650.533313907]",Tree,58
53,104104.95,N,E,4,10,23.303,M,39.413000000000004,M,0.9,0008*7E,,Tree,,"Point;[590711.46142724],[6136647.393897217]",Tree,59
54,104149.05,N,E,4,7,22.569000000000003,M,39.413000000000004,M,2.0,0008*7F,,Trash Can,,"Point;[590702.8697328704],[6136650.236289033]",Trash Can,63
55,104216.7,N,E,4,10,21.984,M,39.413000000000004,M,1.7,0008*70,,Downspout Grille,,"Point;[590714.3474463379],[6136659.793107911]",Downspout Grille,64
56,104227.65,N,E,4,10,21.906,M,39.413000000000004,M,1.6,0008*7A,,Manhole Cover,,"Point;[590716.1757224344],[6136662.117218834]",Manhole Cover,65
57,104254.75,N,E,4,10,21.663,M,39.413000000000004,M,1.8,0008*7F,,Manhole Cover,Stone,"Point;[590705.5404688228],[6136657.441305928]",Manhole Cover,66
58,104332.85,N,E,4,11,23.098000000000003,M,39.413000000000004,M,0.9,0008*7A,,Light Fixture,,"Point;[590697.9813818004],[6136653.8483448]",Light Fixture,67
59,104405.1,N,E,4,9,22.22,M,39.413000000000004,M,1.1,0008*7D,,Tree,,"Point;[590691.2808553666],[6136655.709936311]",Tree,69
60,104508.9,N,E,4,8,23.165,M,39.413000000000004,M,0.9,0008*74,,Tree,,"Point;[590689.8671519831],[6136661.378262829]",Tree,73
61,104519.2,N,E,4,8,23.502,M,39.413000000000004,M,1.2,0008*71,,Tree,,"Point;[590685.5268422767],[6136663.899522968]",Tree,74
62,104542.5,N,E,4,9,23.754,M,39.413000000000004,M,1.5,0008*76,,Light Fixture,,"Point;[590681.2236946367],[6136665.168082251]",Light Fixture,75
63,104551.75,N,E,4,9,23.866,M,39.413000000000004,M,1.8,0008*7F,,Light Fixture,,"Point;[590682.3548673205],[6136665.626592618]",Light Fixture,76
64,104615.55,N,E,4,11,23.64,M,39.413000000000004,M,1.5,0008*73,,Light Fixture,,"Point;[590694.0106904414],[6136666.795679907]",Light Fixture,77
65,104645.45,N,E,4,10,24.386,M,39.413000000000004,M,1.5,0008*76,,Building Corner,Bikeshed,"Point;[590680.2823901025],[6136667.008902655]",Building Corner,79
66,104706.4,N,E,4,9,24.301,M,39.413000000000004,M,1.4,0008*73,,Building Corner,Bikeshed,"Point;[590679.2224406443],[6136677.029340919]",Building Corner,80
67,104728.9,N,E,4,10,23.651999999999997,M,39.413000000000004,M,0.9,0008*72,,Light Fixture,,"Point;[590680.0192337437],[6136685.798846076]",Light Fixture,81
68,104751.15,N,E,4,9,23.875,M,39.413000000000004,M,1.1,0008*72,,Light Fixture,,"Point;[590692.047247914],[6136686.933277015]",Light Fixture,82
69,104821.7,N,E,4,5,23.868000000000002,M,39.413000000000004,M,0.7,0008*79,,Tree,,"Point;[590673.2084752433],[6136687.412179734]",Tree,83
70,104857.15,N,E,4,9,22.375999999999998,M,39.413000000000004,M,1.1,0008*7A,,Tree Stump,,"Point;[590671.3695890728],[6136686.313507387]",Tree Stump,84
71,104914.05,N,E,4,7,26.933000000000003,M,39.413000000000004,M,1.0,0008*7A,,Light Fixture,,"Point;[590667.6586594519],[6136685.513669011]",Light Fixture,85
72,105242.7,N,E,4,11,23.18,M,39.413000000000004,M,1.7,0008*70,,Tree,,"Point;[590697.6840200811],[6136679.819984871]",Tree,89
73,105300.7,N,E,4,12,22.355999999999998,M,39.413000000000004,M,1.7,0008*78,,Tree,,"Point;[590707.0090946488],[6136679.543013805]",Tree,90
74,105314.1,N,E,4,9,23.003,M,39.413000000000004,M,1.1,0008*7A,,Tree,,"Point;[590709.6412917285],[6136675.020739098]",Tree,91
75,105335.7,N,E,4,10,23.098000000000003,M,39.413000000000004,M,1.7,0008*7A,,Tree,,"Point;[590708.7129629862],[6136685.759669125]",Tree,92
76,105413.15,N,E,4,12,22.953000000000003,M,39.413000000000004,M,1.1,0008*7A,,Tree,,"Point;[590705.2502539675],[6136714.829969242]",Tree,93
77,105434.65,N,E,4,12,22.539,M,39.413000000000004,M,1.6,0008*73,,Tree,,"Point;[590695.2436048627],[6136716.746041621]",Tree,94
78,105448.15,N,E,4,12,23.281999999999996,M,39.413000000000004,M,1.1,0008*77,,Tree,,"Point;[590692.4129687469],[6136722.442016221]",Tree,95
79,105459.75,N,E,4,14,22.936999999999998,M,39.413000000000004,M,1.8,0008*78,,Tree,,"Point;[590693.4318251311],[6136728.364058378]",Tree,96
80,105519.85,N,E,4,11,23.445,M,39.413000000000004,M,0.9,0008*73,,Tree,,"Point;[590683.3305662277],[6136723.934056648]",Tree,97
81,105530.25,N,E,4,10,23.631999999999998,M,39.413000000000004,M,1.3,0008*77,,Tree,,"Point;[590678.8270315866],[6136725.639327383]",Tree,98
82,105539.2,N,E,4,11,23.31,M,39.413000000000004,M,1.2,0008*7C,,Tree,,"Point;[590676.747363012],[6136721.418729951]",Tree,99
83,105550.7,N,E,4,10,23.233,M,39.413000000000004,M,1.7,0008*78,,Tree,,"Point;[590671.6232918269],[6136722.746124384]",Tree,100
84,105559.65,N,E,4,11,23.333000000000002,M,39.413000000000004,M,1.6,0008*71,,Light Fixture,,"Point;[590670.964994909],[6136726.303758111]",Light Fixture,101
85,105621.35,N,E,4,9,22.923000000000002,M,39.413000000000004,M,1.4,0008*76,,Bench,,"Point;[590668.7040393832],[6136714.398325595]",Bench,102
86,105642.2,N,E,4,11,23.464000000000002,M,39.413000000000004,M,1.2,0008*74,,Tree,,"Point;[590676.7645492732],[6136721.168612026]",Tree,103
87,105652.5,N,E,4,11,23.607,M,39.413000000000004,M,1.5,0008*75,,Tree,,"Point;[590675.5964448415],[6136717.2940309]",Tree,104
88,105704.2,N,E,4,9,23.726,M,39.413000000000004,M,2.2,0008*77,,Tree,,"Point;[590679.263902901],[6136717.492965965]",Tree,105
89,105755.1,N,E,5,10,22.006,M,39.413000000000004,M,1.1,0008*7D,,Tree,,"Point;[590677.8243185062],[6136704.307524868]",Tree,106
90,105821.95,N,E,4,9,21.439,M,39.413000000000004,M,0.9,0008*7E,,Manhole Cover,Stone,"Point;[590700.7994031069],[6136699.567715491]",Manhole Cover,107
91,105835.3,N,E,4,11,23.211,M,39.413000000000004,M,1.3,0008*79,,Light Fixture,,"Point;[590694.146821414],[6136697.372653867]",Light Fixture,108
92,105923.15,N,E,4,8,23.755,M,39.413000000000004,M,1.1,0008*7E,,Light Fixture,,"Point;[590671.0475321586],[6136695.105660586]",Light Fixture,109
93,110003.1,N,E,4,7,23.586,M,39.413000000000004,M,1.1,0008*78,,Light Fixture,,"Point;[590665.1929098789],[6136703.937749729]",Light Fixture,111
94,110240.5,N,E,4,8,23.085,M,39.413000000000004,M,1.5,0008*72,,Tree,,"Point;[590659.9383221413],[6136716.214185278]",Tree,114
95,110327.85,N,E,5,6,23.397,M,39.413000000000004,M,0.9,0008*7B,,Tree,,"Point;[590655.679928363],[6136716.078822905]",Tree,115
96,110414.95,N,E,4,8,22.755,M,39.413000000000004,M,2.0,0008*7B,,Bench,,"Point;[590661.1627266466],[6136721.422424829]",Bench,116
97,110427.25,N,E,4,7,23.174,M,39.413000000000004,M,1.3,0008*70,,Tree,,"Point;[590657.2424120491],[6136722.85360732]",Tree,117
98,110443.5,N,E,4,7,23.153000000000002,M,39.413000000000004,M,1.5,0008*7D,,Tree,,"Point;[590654.877973567],[6136728.418919308]",Tree,118
99,110457.1,N,E,4,7,22.94,M,39.413000000000004,M,1.1,0008*7D,,Tree,,"Point;[590661.1288093681],[6136729.367784122]",Tree,119
100,110509.4,N,E,4,10,22.988000000000003,M,39.413000000000004,M,1.4,0008*7D,,Light Fixture,,"Point;[590662.9142552263],[6136731.492842768]",Light Fixture,120
101,110528.0,N,E,4,7,23.538,M,39.413000000000004,M,1.0,0008*70,,Light Fixture,,"Point;[590653.7467162032],[6136724.354743472]",Light Fixture,121
102,110544.8,N,E,4,6,21.678,M,39.413000000000004,M,2.8,0008*71,,Manhole Cover,Small Square Manhole Cover,"Point;[590647.9269311078],[6136723.625140641]",Manhole Cover,122
103,110959.25,N,E,5,7,17.736,M,39.413000000000004,M,3.3,0008*7C,,Downspout Grille,,"Point;[590644.1974792398],[6136727.80207888]",Downspout Grille,128
104,111022.9,N,E,5,7,25.155,M,39.413000000000004,M,0.9,0008*73,,Downspout Grille,,"Point;[590655.0675434978],[6136733.757291631]",Downspout Grille,129
105,111102.25,N,E,5,6,23.259,M,39.413000000000004,M,1.3,0008*73,,Light Fixture,Placed on building,"Point;[590648.8759797512],[6136746.06346905]",Light Fixture,130
106,111128.25,N,E,5,6,24.576,M,39.413000000000004,M,1.3,0008*71,,Downspout Grille,,"Point;[590654.0463348767],[6136742.481647156]",Downspout Grille,131
107,111213.85,N,E,4,9,23.066999999999997,M,39.413000000000004,M,1.9,0008*70,,Light Fixture,Placed on building,"Point;[590658.1810055496],[6136747.032776717]",Light Fixture,132
108,111434.2,N,E,5,5,25.818,M,39.413000000000004,M,1.2,0008*75,,Light Fixture,,"Point;[590666.4168612029],[6136756.71434002]",Light Fixture,134
109,111512.75,N,E,5,4,18.218,M,39.413000000000004,M,1.8,0008*74,,Chimney,,"Point;[590656.5987113112],[6136760.354271657]",Chimney,135
110,111527.15,N,E,5,6,19.004,M,39.413000000000004,M,1.1,0008*7B,,Chimney,,"Point;[590659.2737805996],[6136759.726840933]",Chimney,136
111,111604.75,N,E,4,9,24.423000000000002,M,39.413000000000004,M,1.8,0008*73,,Light Fixture,,"Point;[590660.9939266919],[6136772.187778431]",Light Fixture,137
112,111652.95,N,E,4,5,23.160999999999998,M,39.413000000000004,M,2.0,0008*47,,Downspout Grille,Round Downspout Grille,"Point;[590658.2642150722],[6136792.044700307]",Downspout Grille,139
113,111930.25,N,E,5,8,25.613000000000003,M,39.413000000000004,M,1.3,0008*72,,Light Fixture,,"Point;[590660.040096707],[6136788.8640273865]",Light Fixture,140
114,112002.35,N,E,5,6,22.389,M,39.413000000000004,M,1.4,0008*7C,,Light Fixture,,"Point;[590671.0481754441],[6136794.542706637]",Light Fixture,141
115,112102.35,N,E,4,8,29.316,M,39.413000000000004,M,1.4,0008*76,,Light Fixture,,"Point;[590684.9704266004],[6136789.562256157]",Light Fixture,142
116,112152.85,N,E,4,10,23.273000000000003,M,39.413000000000004,M,1.9,0008*7F,,Light Fixture,,"Point;[590692.120484775],[6136821.834093843]",Light Fixture,143
117,112222.05,N,E,4,5,23.331999999999997,M,39.413000000000004,M,3.0,0008*75,,Light Fixture,,"Point;[590694.5282270766],[6136797.105862829]",Light Fixture,144
118,112259.05,N,E,4,9,23.193,M,39.413000000000004,M,2.0,0008*70,,Light Fixture,,"Point;[590697.1480759587],[6136772.114824042]",Light Fixture,145
119,112326.7,N,E,4,11,23.281,M,39.413000000000004,M,1.7,0008*72,,Light Fixture,,"Point;[590699.1719944018],[6136749.590644891]",Light Fixture,146
120,112401.9,N,E,4,8,21.451999999999998,M,39.413000000000004,M,0.9,0008*77,,Downspout Grille,Round Downspout Grille,"Point;[590695.5805797458],[6136746.063658928]",Downspout Grille,147
121,112414.15,N,E,4,7,23.386999999999997,M,39.413000000000004,M,1.1,0008*74,,Light Fixture,,"Point;[590691.9084351801],[6136745.877971696]",Light Fixture,148
122,112457.85,N,E,4,8,21.711,M,39.413000000000004,M,0.9,0008*7E,,Downspout Grille,Round Downspout Grille,"Point;[590679.4414485522],[6136744.300364657]",Downspout Grille,149
123,112512.95,N,E,4,6,21.64,M,39.413000000000004,M,2.0,0008*73,,Manhole Cover,,"Point;[590678.5304425269],[6136740.132727163]",Manhole Cover,150
124,112549.45,N,E,4,9,21.430999999999997,M,39.413000000000004,M,1.5,0008*71,,Downspout Grille,Round Downspout Grille,"Point;[590705.2909752133],[6136738.323888594]",Downspout Grille,151
125,123431.2,N,E,4,11,21.351999999999997,M,39.415,M,1.2,0024*73,,Downspout Grille,,"Point;[590713.9373018807],[6136673.266703342]",Downspout Grille,152
126,123456.95,N,E,4,10,21.423000000000002,M,39.415,M,2.0,0024*76,,Manhole Cover,,"Point;[590715.6872076994],[6136678.415631019]",Manhole Cover,153
127,123526.8,N,E,4,11,21.338,M,39.415,M,0.8,0024*76,,Downspout Grille,,"Point;[590727.6075262381],[6136674.613105388]",Downspout Grille,154
128,123601.85,N,E,4,12,21.338,M,39.415,M,1.9,0024*7B,,Downspout Grille,,"Point;[590740.6035188785],[6136675.880005359]",Downspout Grille,155
129,123710.65,N,E,4,6,21.339000000000002,M,39.415,M,1.6,0024*71,,Downspout Grille,,"Point;[590759.3180347505],[6136677.654186973]",Downspout Grille,156
130,123733.55,N,E,4,7,21.363000000000003,M,39.415,M,1.5,0024*77,,Downspout Grille,,"Point;[590774.0884304276],[6136679.176985828]",Downspout Grille,157
131,123752.25,N,E,4,9,21.574,M,39.415,M,1.3,0024*72,,Manhole Cover,,"Point;[590776.0732778367],[6136684.9831115315]",Manhole Cover,158
132,123822.15,N,E,4,10,21.444000000000003,M,39.415,M,1.1,0024*7A,,Downspout Grille,,"Point;[590790.5095831293],[6136680.7716494035]",Downspout Grille,159
133,123844.2,N,E,4,9,21.801,M,39.415,M,1.2,0024*76,,Downspout Grille,Round Downspout Grille,"Point;[590802.6466659188],[6136679.810233239]",Downspout Grille,160
134,123859.1,N,E,4,9,21.456999999999997,M,39.415,M,2.1,0024*76,,Manhole Cover,,"Point;[590799.4484644803],[6136686.691936338]",Manhole Cover,161
135,123916.75,N,E,4,11,22.96,M,39.415,M,1.8,0024*7E,,Light Fixture,,"Point;[590794.2904104216],[6136695.089574631]",Light Fixture,162
136,123930.25,N,E,4,12,22.18,M,39.415,M,1.3,0024*79,,Downspout Grille,,"Point;[590789.6431925797],[6136693.605782938]",Downspout Grille,163
137,123940.5,N,E,4,11,22.375,M,39.415,M,1.5,0024*71,,Downspout Grille,,"Point;[590789.4172729154],[6136695.865394938]",Downspout Grille,164
138,124008.65,N,E,4,12,22.877,M,39.415,M,0.6,0024*7B,,Light Fixture,,"Point;[590775.2385272076],[6136693.230377078]",Light Fixture,165
139,124029.6,N,E,4,5,21.596999999999998,M,39.415,M,1.6,0024*4F,,Downspout Grille,,"Point;[590772.8039700728],[6136692.11829384]",Downspout Grille,166
140,124121.75,N,E,4,10,21.39,M,39.415,M,1.8,0024*72,,Downspout Grille,,"Point;[590772.7328131822],[6136694.2519584]",Downspout Grille,167
141,124205.0,N,E,4,11,22.275,M,39.415,M,1.0,0024*79,,Downspout Grille,,"Point;[590757.2931196957],[6136690.532399829]",Downspout Grille,169
142,124235.8,N,E,4,11,22.283,M,39.415,M,0.8,0024*7C,,Downspout Grille,,"Point;[590757.2695414334],[6136692.788382441]",Downspout Grille,171
143,124243.65,N,E,4,11,22.796999999999997,M,39.415,M,1.6,0024*7C,,Light Fixture,,"Point;[590756.2122509526],[6136691.574392315]",Light Fixture,172
144,124330.05,N,E,4,8,22.134,M,39.415,M,3.0,0024*75,,Downspout Grille,,"Point;[590740.0535009801],[6136691.095117446]",Downspout Grille,173
145,124336.65,N,E,4,8,22.791999999999998,M,39.415,M,0.6,0024*75,,Tree,,"Point;[590739.1132583256],[6136689.923614038]",Tree,174
146,124346.75,N,E,4,10,22.796,M,39.415,M,0.8,0024*76,,Light Fixture,,"Point;[590737.1153047469],[6136689.593093939]",Light Fixture,175
147,124411.75,N,E,4,12,21.461,M,39.415,M,1.8,0024*70,,Downspout Grille,,"Point;[590740.6955692322],[6136688.915306908]",Downspout Grille,176
148,124429.75,N,E,4,7,22.771,M,39.415,M,1.8,0024*76,,Tree,,"Point;[590734.2001491397],[6136689.406241749]",Tree,177
149,124450.95,N,E,4,8,23.084,M,39.415,M,2.0,0024*7D,,Tree,,"Point;[590729.6419386246],[6136688.9885685835]",Tree,179
150,124544.65,N,E,4,9,22.31,M,39.415,M,1.6,0024*7F,,Downspout Grille,,"Point;[590722.6454288291],[6136687.115900871]",Downspout Grille,181
151,124552.95,N,E,4,7,22.579,M,39.415,M,0.9,0024*71,,Downspout Grille,,"Point;[590722.4991665249],[6136689.388285121]",Downspout Grille,182
152,124611.1,N,E,4,7,22.862,M,39.415,M,1.1,0024*74,,Light Fixture,,"Point;[590718.0657033942],[6136687.7753800405]",Light Fixture,183
153,124638.0,N,E,4,10,21.429000000000002,M,39.415,M,1.0,0024*75,,Downspout Grille,,"Point;[590712.0138677314],[6136692.718269382]",Downspout Grille,184
154,124705.35,N,E,4,9,21.47,M,39.415,M,1.4,0024*7F,,Manhole Cover,,"Point;[590715.6809846138],[6136678.40993705]",Manhole Cover,185
155,124853.25,N,E,4,11,23.043000000000003,M,39.415,M,1.3,0024*73,,Light Fixture,,"Point;[590716.0642397648],[6136705.655721471]",Light Fixture,186
156,124936.75,N,E,4,11,22.384,M,39.415,M,1.8,0024*79,,Downspout Grille,,"Point;[590720.818512486],[6136707.298598444]",Downspout Grille,187
157,124946.35,N,E,4,10,22.252,M,39.415,M,1.4,0024*76,,Downspout Grille,,"Point;[590721.0992188791],[6136705.024525553]",Downspout Grille,188
158,125013.45,N,E,4,9,22.925,M,39.415,M,1.5,0024*7F,,Light Fixture,,"Point;[590735.1657649662],[6136707.627005989]",Light Fixture,189
159,125033.45,N,E,4,10,22.294,M,39.415,M,1.5,0024*76,,Downspout Grille,,"Point;[590737.5432504874],[6136708.893743588]",Downspout Grille,190
160,125041.95,N,E,4,6,22.197,M,39.415,M,0.9,0024*75,,Downspout Grille,,"Point;[590737.6874202137],[6136706.600165613]",Downspout Grille,191
161,125119.55,N,E,4,10,22.308000000000003,M,39.415,M,1.5,0024*71,,Downspout Grille,,"Point;[590754.1734062603],[6136710.524856046]",Downspout Grille,192
162,125129.65,N,E,4,8,22.272,M,39.415,M,1.6,0024*78,,Downspout Grille,,"Point;[590753.6271253799],[6136708.201492207]",Downspout Grille,193
163,125139.65,N,E,4,11,22.846,M,39.415,M,1.6,0024*71,,Light Fixture,,"Point;[590754.2523529743],[6136709.429972392]",Light Fixture,194
164,125148.15,N,E,4,10,22.918000000000003,M,39.415,M,1.1,0024*77,,Tree,,"Point;[590756.3487080905],[6136709.661222848]",Tree,195
165,125200.8,N,E,4,11,22.924,M,39.415,M,0.8,0024*76,,Tree,,"Point;[590760.3237821825],[6136709.977872973]",Tree,196
166,125211.85,N,E,4,12,22.928,M,39.415,M,0.9,0024*7E,,Tree,,"Point;[590764.2198153522],[6136710.407560962]",Tree,197
167,125236.65,N,E,4,7,22.33,M,39.415,M,0.6,0024*7C,,Downspout Grille,,"Point;[590770.9027286832],[6136712.173656448]",Downspout Grille,198
168,125245.25,N,E,4,8,22.298000000000002,M,39.415,M,1.3,0024*78,,Downspout Grille,,"Point;[590771.0120984756],[6136709.908306475]",Downspout Grille,199
169,125300.0,N,E,4,9,22.837,M,39.415,M,2.0,0024*7F,,Light Fixture,,"Point;[590773.3176854469],[6136711.186943059]",Light Fixture,200
170,125333.5,N,E,4,8,22.372,M,39.415,M,1.5,0024*7A,,Downspout Grille,,"Point;[590787.5966114034],[6136713.757225476]",Downspout Grille,201
171,125346.9,N,E,4,7,22.274,M,39.415,M,0.9,0024*78,,Downspout Grille,,"Point;[590787.7755787212],[6136711.437647387]",Downspout Grille,202
172,125407.65,N,E,4,9,22.895,M,39.415,M,1.6,0024*78,,Light Fixture,,"Point;[590792.4826106704],[6136713.064045633]",Light Fixture,203
173,125430.55,N,E,4,8,21.552,M,39.415,M,1.5,0024*76,,Manhole Cover,,"Point;[590795.6194422812],[6136722.535182449]",Manhole Cover,204
174,125531.5,N,E,4,9,21.474,M,39.415,M,1.5,0024*71,,Manhole Cover,,"Point;[590769.1839849906],[6136720.029813709]",Manhole Cover,205
175,125604.45,N,E,4,9,21.593000000000004,M,39.415,M,1.5,0024*7C,,Manhole Cover,,"Point;[590741.3471730364],[6136717.25533225]",Manhole Cover,206
176,125644.9,N,E,4,10,21.396,M,39.415,M,0.9,0024*73,,Manhole Cover,,"Point;[590711.4930777675],[6136714.164592816]",Manhole Cover,207
177,125655.2,N,E,4,6,21.393,M,39.415,M,1.2,0024*7B,,Downspout Grille,,"Point;[590709.9723463103],[6136714.028687788]",Downspout Grille,208
178,125716.65,N,E,4,8,22.909000000000002,M,39.415,M,1.6,0024*76,,Light Fixture,,"Point;[590714.2416320072],[6136723.780193303]",Light Fixture,209
179,125728.75,N,E,4,7,22.316,M,39.415,M,1.8,0024*72,,Downspout Grille,,"Point;[590718.9810439582],[6136725.18899028]",Downspout Grille,210
180,125736.15,N,E,4,8,22.134,M,39.415,M,1.1,0024*77,,Downspout Grille,,"Point;[590719.3122215341],[6136723.019483064]",Downspout Grille,211
181,125802.05,N,E,4,8,22.953000000000003,M,39.415,M,2.0,0024*74,,Tree,,"Point;[590731.7503510835],[6136725.324644158]",Tree,212
182,125811.35,N,E,4,9,22.92,M,39.415,M,1.4,0024*75,,Light Fixture,,"Point;[590733.4203593717],[6136725.508154705]",Light Fixture,213
183,125822.7,N,E,4,9,22.194000000000003,M,39.415,M,1.7,0024*70,,Downspout Grille,,"Point;[590735.1616559105],[6136726.942148332]",Downspout Grille,214
184,125829.25,N,E,4,7,22.953000000000003,M,39.415,M,1.3,0024*70,,Tree,,"Point;[590735.9045725625],[6136725.777427973]",Tree,215
185,125840.65,N,E,4,10,21.945999999999998,M,39.415,M,1.6,0024*7A,,Downspout Grille,,"Point;[590739.6477299185],[6136724.977198484]",Downspout Grille,216
186,125852.05,N,E,4,11,22.826,M,39.415,M,1.0,0024*7A,,Tree,,"Point;[590739.9248783768],[6136725.990348978]",Tree,217
187,125914.85,N,E,4,8,22.729,M,39.415,M,1.9,0024*7C,,Light Fixture,,"Point;[590752.5283786919],[6136727.282613387]",Light Fixture,218
188,125933.75,N,E,4,8,22.221,M,39.415,M,1.8,0024*70,,Downspout Grille,,"Point;[590753.5480116053],[6136728.5392434]",Downspout Grille,219
189,125947.45,N,E,4,10,22.203000000000003,M,39.415,M,1.5,0024*75,,Downspout Grille,,"Point;[590753.8791744885],[6136726.309624856]",Downspout Grille,220
190,130014.6,N,E,4,10,22.166,M,39.415,M,1.6,0024*73,,Downspout Grille,,"Point;[590768.1703617584],[6136730.007775193]",Downspout Grille,221
191,130026.4,N,E,4,9,22.058000000000003,M,39.415,M,1.4,0024*7E,,Downspout Grille,,"Point;[590768.1973138826],[6136727.773012654]",Downspout Grille,222
192,130041.3,N,E,4,7,22.91,M,39.415,M,1.3,0024*75,,Tree,,"Point;[590769.5742003435],[6136728.798769739]",Tree,223
193,130055.05,N,E,4,10,22.978,M,39.415,M,1.0,0024*74,,Light Fixture,,"Point;[590771.653328649],[6136729.096465725]",Light Fixture,224
194,130108.85,N,E,4,7,22.87,M,39.415,M,1.9,0024*7D,,Tree,,"Point;[590773.322547554],[6136729.256597902]",Tree,226
195,130122.75,N,E,4,10,23.019000000000002,M,39.415,M,0.8,0024*79,,Tree,,"Point;[590777.4089822422],[6136729.675743488]",Tree,227
196,130141.5,N,E,4,8,22.212,M,39.415,M,1.5,0024*7A,,Downspout Grille,,"Point;[590785.8736795656],[6136731.706727965]",Downspout Grille,228
197,130149.35,N,E,4,7,22.16,M,39.415,M,1.4,0024*7E,,Downspout Grille,,"Point;[590786.2483431309],[6136729.551477981]",Downspout Grille,229
198,130202.8,N,E,4,9,22.916999999999998,M,39.415,M,0.8,0024*76,,Light Fixture,,"Point;[590790.7997822706],[6136730.943126821]",Light Fixture,230
199,130319.55,N,E,4,10,22.776,M,39.415,M,1.5,0024*78,,Light Fixture,,"Point;[590779.7457450272],[6136754.399139026]",Light Fixture,232
200,130358.85,N,E,4,12,22.879,M,39.415,M,0.9,0024*73,,Light Fixture,,"Point;[590750.4610373646],[6136751.627087027]",Light Fixture,233
201,130422.8,N,E,4,12,21.509,M,39.415,M,0.8,0024*70,,Manhole Cover,,"Point;[590754.5595245257],[6136747.544656474]",Manhole Cover,234
202,130455.95,N,E,4,9,21.454,M,39.415,M,0.9,0024*7F,,Manhole Cover,,"Point;[590738.7942209993],[6136746.132813973]",Manhole Cover,235
203,130539.8,N,E,4,10,23.525,M,39.415,M,1.8,0024*7F,,Tree,,"Point;[590771.2048037576],[6136757.0008719675]",Tree,236
204,130601.45,N,E,4,11,23.475,M,39.415,M,1.5,0024*74,,Tree,,"Point;[590759.5837320093],[6136755.911325343]",Tree,237
205,130622.25,N,E,4,11,23.631,M,39.415,M,1.3,0024*74,,Tree,,"Point;[590747.5249709433],[6136754.709279399]",Tree,238
206,130700.75,N,E,4,10,22.881,M,39.415,M,0.8,0024*74,,Light Fixture,,"Point;[590720.9499722961],[6136748.916255367]",Light Fixture,239
207,130735.55,N,E,4,9,21.215999999999998,M,39.415,M,1.5,0024*78,,Downspout Grille,,"Point;[590707.9475843064],[6136735.357263098]",Downspout Grille,240
208,130801.75,N,E,4,10,21.497,M,39.415,M,1.8,0024*7B,,Manhole Cover,,"Point;[590708.6332010188],[6136743.270662313]",Manhole Cover,241
209,130819.3,N,E,4,7,21.434,M,39.415,M,1.3,0024*77,,Downspout Grille,,"Point;[590704.4257312306],[6136746.920083509]",Downspout Grille,242
210,130839.05,N,E,4,9,21.816,M,39.415,M,2.0,0024*70,,Downspout Grille,,"Point;[590705.5749822834],[6136750.3222868545]",Downspout Grille,243
211,130855.1,N,E,4,7,21.6,M,39.415,M,1.1,0024*7E,,Manhole Cover,,"Point;[590702.8305883481],[6136751.298924438]",Manhole Cover,244
212,130920.25,N,E,4,9,21.386,M,39.415,M,1.3,0024*78,,Downspout Grille,,"Point;[590704.4792593353],[6136761.957246933]",Downspout Grille,245
213,130943.95,N,E,4,7,22.934,M,39.415,M,2.0,0024*7B,,Light Fixture,,"Point;[590710.5403121458],[6136763.068149677]",Light Fixture,246
214,131035.7,N,E,4,11,23.445,M,39.415,M,1.7,0024*73,,Light Fixture,,"Point;[590742.730091694],[6136773.417160227]",Light Fixture,247
215,131052.6,N,E,4,9,23.416999999999998,M,39.415,M,1.6,0024*7F,,Light Fixture,,"Point;[590753.2442909857],[6136774.345859555]",Light Fixture,248
216,131159.0,N,E,4,10,23.083000000000002,M,39.415,M,1.0,0024*70,,Light Fixture,,"Point;[590785.2258680017],[6136788.273199801]",Light Fixture,250
217,131222.95,N,E,4,8,21.42,M,39.415,M,2.0,0024*7A,,Manhole Cover,,"Point;[590789.495726954],[6136789.974092818]",Manhole Cover,251
218,131246.15,N,E,4,7,21.303,M,39.415,M,1.1,0024*77,,Downspout Grille,Round Downspout Grille,"Point;[590793.3216803928],[6136779.725608362]",Downspout Grille,252
219,131335.75,N,E,4,10,21.52,M,39.415,M,1.8,0024*71,,Manhole Cover,,"Point;[590791.4609936653],[6136751.189249044]",Manhole Cover,253
220,131550.4,N,E,4,8,22.975,M,39.415,M,1.4,0024*7B,,Light Fixture,,"Point;[590786.9617773495],[6136770.616736337]",Light Fixture,254
221,131653.95,N,E,4,9,23.025,M,39.415,M,2.0,0024*75,,Light Fixture,,"Point;[590783.612013883],[6136806.191552361]",Light Fixture,255
222,131738.35,N,E,4,10,23.476,M,39.415,M,1.4,0024*77,,Light Fixture,,"Point;[590751.756082952],[6136790.107184958]",Light Fixture,256
223,131759.5,N,E,4,8,23.393,M,39.415,M,1.5,0024*7A,,Light Fixture,,"Point;[590741.1064769211],[6136789.10557133]",Light Fixture,257
224,131839.1,N,E,4,9,23.705,M,39.415,M,1.1,0024*75,,Light Fixture,,"Point;[590709.0267342457],[6136780.965204114]",Light Fixture,258
225,131859.8,N,E,4,7,21.246,M,39.415,M,1.8,0024*7E,,Downspout Grille,,"Point;[590703.0501942072],[6136776.731272847]",Downspout Grille,259
226,131940.4,N,E,4,8,22.462,M,39.415,M,1.4,0024*73,,Trash Can,,"Point;[590694.993218978],[6136771.985926428]",Trash Can,260
227,132008.6,N,E,4,5,23.533,M,39.415,M,1.6,0024*44,,Trash Can,,"Point;[590693.6680974871],[6136787.811843664]",Trash Can,261
228,132047.15,N,E,4,7,21.443,M,39.415,M,1.1,0024*78,,Manhole Cover,,"Point;[590705.7532130249],[6136782.145810001]",Manhole Cover,262
229,132112.45,N,E,4,9,21.936,M,39.415,M,1.5,0024*7F,,Manhole Cover,Stone,"Point;[590709.336401738],[6136787.30459547]",Manhole Cover,263
230,132133.5,N,E,4,5,22.272,M,39.415,M,1.5,0024*41,,Downspout Grille,,"Point;[590701.8774397646],[6136790.756928259]",Downspout Grille,264
231,132216.5,N,E,4,9,21.346,M,39.415,M,1.5,0024*73,,Downspout Grille,,"Point;[590700.3720444203],[6136805.327895909]",Downspout Grille,266
232,132248.4,N,E,4,8,21.392,M,39.415,M,1.4,0024*75,,Downspout Grille,,"Point;[590698.915742706],[6136820.132533212]",Downspout Grille,267
233,132305.5,N,E,4,6,21.434,M,39.415,M,1.5,0024*76,,Manhole Cover,,"Point;[590702.3114298322],[6136818.435680792]",Manhole Cover,268
234,132419.65,N,E,4,9,23.180999999999997,M,39.415,M,1.6,0024*72,,Light Fixture,,"Point;[590722.4857850621],[6136838.353814886]",Light Fixture,271
235,132442.75,N,E,4,7,21.596,M,39.415,M,1.8,0024*76,,Downspout Grille,,"Point;[590732.1327074443],[6136839.304711233]",Downspout Grille,272
236,132502.7,N,E,4,10,22.994,M,39.415,M,1.7,0024*74,,Light Fixture,,"Point;[590741.7332641395],[6136840.197901724]",Light Fixture,273
237,132648.3,N,E,4,7,23.105,M,39.415,M,1.3,0024*78,,Light Fixture,,"Point;[590781.7473445388],[6136824.221631673]",Light Fixture,278
238,132702.35,N,E,4,7,21.458000000000002,M,39.415,M,1.4,0024*7D,,Manhole Cover,,"Point;[590785.6187895878],[6136826.457569135]",Manhole Cover,279
239,132738.85,N,E,4,7,22.019000000000002,M,39.415,M,1.9,0024*72,,Downspout Grille,,"Point;[590772.6646708234],[6136823.146424843]",Downspout Grille,280
240,132802.4,N,E,4,7,23.291,M,39.415,M,1.4,0024*72,,Light Fixture,,"Point;[590762.6069184149],[6136822.132442546]",Light Fixture,281
241,132823.45,N,E,4,8,21.759,M,39.415,M,1.5,0024*7A,,Downspout Grille,,"Point;[590753.1618999015],[6136821.165595777]",Downspout Grille,282
242,132841.55,N,E,4,11,23.118000000000002,M,39.415,M,1.5,0024*7B,,Light Fixture,,"Point;[590743.7865067364],[6136820.358276498]",Light Fixture,283
243,132903.85,N,E,4,9,21.788,M,39.415,M,0.9,0024*71,,Downspout Grille,,"Point;[590733.9199387671],[6136819.388367353]",Downspout Grille,284
244,132926.35,N,E,4,9,23.22,M,39.415,M,1.4,0024*7C,,Light Fixture,,"Point;[590724.6761786159],[6136818.561531708]",Light Fixture,285
245,132946.55,N,E,4,7,21.750999999999998,M,39.415,M,1.5,0024*70,,Downspout Grille,,"Point;[590714.5870671584],[6136817.622712605]",Downspout Grille,286
246,133021.5,N,E,4,9,22.893,M,39.415,M,1.5,0024*75,,Light Fixture,,"Point;[590705.6261423057],[6136816.822883051]",Light Fixture,287
247,133046.45,N,E,4,7,23.011,M,39.415,M,1.5,0024*77,,Light Fixture,,"Point;[590707.105969805],[6136798.962982331]",Light Fixture,288
248,133103.05,N,E,4,8,22.783,M,39.415,M,2.0,0024*7A,,Tree,Removed,"Point;[590711.53634031],[6136806.549276402]",Tree,289
249,133114.6,N,E,4,8,23.146,M,39.415,M,1.6,0024*76,,Tree,,"Point;[590716.6069769254],[6136806.89175338]",Tree,290
250,133145.3,N,E,4,11,22.995,M,39.415,M,1.3,0024*76,,Tree,Removed,"Point;[590721.5073775161],[6136807.5891880635]",Tree,291
251,133157.25,N,E,4,8,23.37,M,39.415,M,2.3,0024*77,,Tree,,"Point;[590726.4497476736],[6136807.941284323]",Tree,292
252,133212.9,N,E,4,9,23.424,M,39.415,M,0.9,0024*7A,,Tree,,"Point;[590731.5742827747],[6136808.437396024]",Tree,293
253,133226.75,N,E,4,9,23.455,M,39.415,M,1.8,0024*71,,Tree,,"Point;[590736.5102315823],[6136808.855050681]",Tree,294
254,133245.6,N,E,4,10,22.737,M,39.415,M,1.6,0024*7C,,Tree,Removed,"Point;[590741.5020656772],[6136809.453086323]",Tree,295
255,133259.2,N,E,4,10,23.154,M,39.415,M,1.2,0024*7E,,Tree,,"Point;[590747.4315874244],[6136810.081545341]",Tree,296
256,133318.95,N,E,4,13,23.476,M,39.415,M,0.9,0024*70,,Tree,,"Point;[590752.2648221505],[6136810.406935496]",Tree,297
257,133337.5,N,E,4,11,23.5,M,39.415,M,1.5,0024*71,,Tree,,"Point;[590757.4175582988],[6136810.980468612]",Tree,298
258,133350.45,N,E,4,9,23.531999999999996,M,39.415,M,1.5,0024*71,,Tree,,"Point;[590762.2018958336],[6136811.340486487]",Tree,299
259,133403.9,N,E,4,10,23.444000000000003,M,39.415,M,0.9,0024*78,,Tree,,"Point;[590767.2272650735],[6136811.849071574]",Tree,300
260,133427.65,N,E,4,9,23.441999999999997,M,39.415,M,1.6,0024*74,,Tree,,"Point;[590772.1839484099],[6136812.522117017]",Tree,301
261,133825.75,N,E,5,7,26.247,M,39.415,M,1.8,0024*73,,Tree,Collection of Trees,"Point;[590672.378608445],[6136776.850049276]",Tree,304
262,134114.2,N,E,4,7,23.519000000000002,M,39.415,M,1.2,0024*7F,,Building Corner,,"Point;[590658.3812957652],[6136747.004609077]",Building Corner,305
263,134241.2,N,E,4,6,23.703000000000003,M,39.415,M,1.2,0024*75,,Building Corner,,"Point;[590649.564909114],[6136722.621285043]",Building Corner,308
