,Unnamed: 0,Unnamed: 0.1,Unnamed: 0.1.1,time,NMEA_lat,latDir,NMEA_lon,lonDir,fix,nSat,hError,altitude,unit,height (datum),unit.1,dgpsAge,checksum,note,typename,sub category,ID.1,energifyn,fjernvarme,geodanmark,kortopslag,samaqua,geometry,label,id
0,576,576,80,104857.15,5522.086187,N,1025.836973,E,4,9,,22.376,M,39.413,M,1.1,0008*7A,,Tree Stump,,84,-,-,1103670638,-,-,"Point;[590671.3696],[6136686.314]",Tree Stump,84
1,575,575,289,133825.75,5522.134974,N,1025.839688,E,5,7,,26.247,M,39.415,M,1.8,0024*73,,Tree,Collection of Trees,304,-,-,-,-,-,"Point;[590672.3786],[6136776.85]",Tree,304
2,574,574,287,133427.65,5522.153094,N,1025.934836,E,4,9,,23.442,M,39.415,M,1.6,0024*74,,Tree,,301,-,-,1202734429,-,-,"Point;[590772.1839],[6136812.522]",Tree,301
3,573,573,286,133403.9,5522.152787,N,1025.930132,E,4,10,,23.444,M,39.415,M,0.9,0024*78,,Tree,,300,-,-,1202734430,-,-,"Point;[590767.2273],[6136811.849]",Tree,300
4,572,572,285,133350.45,5522.152568,N,1025.925366,E,4,9,,23.532,M,39.415,M,1.5,0024*71,,Tree,,299,-,-,1202734425,-,-,"Point;[590762.2019],[6136811.34]",Tree,299
5,571,571,284,133337.5,5522.152427,N,1025.920831,E,4,11,,23.5,M,39.415,M,1.5,0024*71,,Tree,,298,-,-,1202734426,-,-,"Point;[590757.4176],[6136810.98]",Tree,298
6,570,570,283,133318.95,5522.152175,N,1025.915943,E,4,13,,23.476,M,39.415,M,0.9,0024*70,,Tree,,297,-,-,1202734427,-,-,"Point;[590752.2648],[6136810.407]",Tree,297
7,569,569,282,133259.2,5522.152053,N,1025.911363,E,4,10,,23.154,M,39.415,M,1.2,0024*7E,,Tree,,296,-,-,1202734428,-,-,"Point;[590747.4316],[6136810.082]",Tree,296
8,568,568,281,133245.6,5522.15178,N,1025.905739,E,4,10,,22.737,M,39.415,M,1.6,0024*7C,,Tree,Removed,295,-,-,-,-,-,"Point;[590741.5021],[6136809.453]",Tree,295
9,567,567,280,133226.75,5522.151513,N,1025.901003,E,4,9,,23.455,M,39.415,M,1.8,0024*71,,Tree,,294,-,-,1202734421,-,-,"Point;[590736.5102],[6136808.855]",Tree,294
10,566,566,279,133212.9,5522.151343,N,1025.896324,E,4,9,,23.424,M,39.415,M,0.9,0024*7A,,Tree,,293,-,-,1202734422,-,-,"Point;[590731.5743],[6136808.437]",Tree,293
11,565,565,278,133157.25,5522.151132,N,1025.891465,E,4,8,,23.37,M,39.415,M,2.3,0024*77,,Tree,,292,-,-,1202734423,-,-,"Point;[590726.4497],[6136807.941]",Tree,292
12,564,564,277,133145.3,5522.150997,N,1025.88678,E,4,11,,22.995,M,39.415,M,1.3,0024*76,,Tree,Removed,291,-,-,1202734487,-,-,"Point;[590721.5074],[6136807.589]",Tree,291
13,563,563,276,133114.6,5522.150676,N,1025.882129,E,4,8,,23.146,M,39.415,M,1.6,0024*76,,Tree,,290,-,-,1202734424,-,-,"Point;[590716.607],[6136806.892]",Tree,290
14,562,562,275,133103.05,5522.150547,N,1025.877324,E,4,8,,22.783,M,39.415,M,2,0024*7A,,Tree,Removed,289,-,-,1202734486,-,-,"Point;[590711.5363],[6136806.549]",Tree,289
15,561,561,226,130622.25,5522.122208,N,1025.910374,E,4,11,,23.631,M,39.415,M,1.3,0024*74,,Tree,,238,-,-,-,-,-,"Point;[590747.525],[6136754.709]",Tree,238
16,560,560,225,130601.45,5522.122722,N,1025.921809,E,4,11,,23.475,M,39.415,M,1.5,0024*74,,Tree,,237,-,-,-,-,-,"Point;[590759.5837],[6136755.911]",Tree,237
17,559,559,224,130539.8,5522.12318,N,1025.932828,E,4,10,,23.525,M,39.415,M,1.8,0024*7F,,Tree,,236,-,-,-,-,-,"Point;[590771.2048],[6136757.001]",Tree,236
18,558,558,216,130122.75,5522.108384,N,1025.938167,E,4,10,,23.019,M,39.415,M,0.8,0024*79,,Tree,,227,-,-,1034135478,-,-,"Point;[590777.409],[6136729.676]",Tree,227
19,557,557,215,130108.85,5522.108203,N,1025.934292,E,4,7,,22.87,M,39.415,M,1.9,0024*7D,,Tree,,226,-,-,1034135475,-,-,"Point;[590773.3225],[6136729.257]",Tree,226
20,556,556,213,130041.3,5522.107998,N,1025.930736,E,4,7,,22.91,M,39.415,M,1.3,0024*75,,Tree,,223,-,-,1034135476,-,-,"Point;[590769.5742],[6136728.799]",Tree,223
21,555,555,207,125852.05,5522.106813,N,1025.902622,E,4,11,,22.826,M,39.415,M,1,0024*7A,,Tree,,217,-,-,1034135702,-,-,"Point;[590739.9249],[6136725.99]",Tree,217
22,554,554,205,125829.25,5522.106743,N,1025.898813,E,4,7,,22.953,M,39.415,M,1.3,0024*70,,Tree,,215,-,-,1034135703,-,-,"Point;[590735.9046],[6136725.777]",Tree,215
23,553,553,202,125802.05,5522.106545,N,1025.894873,E,4,8,,22.953,M,39.415,M,2,0024*74,,Tree,,212,-,-,1034135470,-,-,"Point;[590731.7504],[6136725.325]",Tree,212
24,552,552,187,125211.85,5522.098145,N,1025.925311,E,4,12,,22.928,M,39.415,M,0.9,0024*7E,,Tree,,197,-,-,1034135473,-,-,"Point;[590764.2198],[6136710.408]",Tree,197
25,551,551,186,125200.8,5522.097956,N,1025.921615,E,4,11,,22.924,M,39.415,M,0.8,0024*76,,Tree,,196,-,-,1034135705,-,-,"Point;[590760.3238],[6136709.978]",Tree,196
26,550,550,185,125148.15,5522.09783,N,1025.917847,E,4,10,,22.918,M,39.415,M,1.1,0024*77,,Tree,,195,-,-,1034135706,-,-,"Point;[590756.3487],[6136709.661]",Tree,195
27,549,549,170,124450.95,5522.086983,N,1025.892171,E,4,8,,23.084,M,39.415,M,2,0024*7D,,Tree,,179,-,-,1034135711,-,-,"Point;[590729.6419],[6136688.989]",Tree,179
28,548,548,169,124429.75,5522.087158,N,1025.896493,E,4,7,,22.771,M,39.415,M,1.8,0024*76,,Tree,,177,-,-,1034135708,-,-,"Point;[590734.2001],[6136689.406]",Tree,177
29,547,547,166,124336.65,5522.087382,N,1025.901152,E,4,8,,22.792,M,39.415,M,0.6,0024*75,,Tree,,174,-,-,1034135709,-,-,"Point;[590739.1133],[6136689.924]",Tree,174
30,546,546,114,110457.1,5522.109506,N,1025.828118,E,4,7,,22.94,M,39.413,M,1.1,0008*7D,,Tree,,119,-,-,1103670864,-,-,"Point;[590661.1288],[6136729.368]",Tree,119
31,545,545,113,110443.5,5522.109064,N,1025.822184,E,4,7,,23.153,M,39.413,M,1.5,0008*7D,,Tree,,118,-,-,1103670765,-,-,"Point;[590654.878],[6136728.419]",Tree,118
32,544,544,112,110427.25,5522.106038,N,1025.824314,E,4,7,,23.174,M,39.413,M,1.3,0008*70,,Tree,,117,-,-,1103670440,-,-,"Point;[590657.2424],[6136722.854]",Tree,117
33,543,543,110,110327.85,5522.102404,N,1025.822703,E,5,6,,23.397,M,39.413,M,0.9,0008*7B,,Tree,,115,-,-,1103670623,-,-,"Point;[590655.6799],[6136716.079]",Tree,115
34,542,542,109,110240.5,5522.10243,N,1025.826736,E,4,8,,23.085,M,39.413,M,1.5,0008*72,,Tree,,114,-,-,1103670421,-,-,"Point;[590659.9383],[6136716.214]",Tree,114
35,541,541,102,105755.1,5522.095814,N,1025.843431,E,5,10,,22.006,M,39.413,M,1.1,0008*7D,,Tree,,106,-,-,1067406484,-,-,"Point;[590677.8243],[6136704.308]",Tree,106
36,540,540,101,105704.2,5522.102905,N,1025.84505,E,4,9,,23.726,M,39.413,M,2.2,0008*77,,Tree,,105,-,-,1103670438,-,-,"Point;[590679.2639],[6136717.493]",Tree,105
37,539,539,100,105652.5,5522.102838,N,1025.841575,E,4,11,,23.607,M,39.413,M,1.5,0008*75,,Tree,,104,-,-,1103670854,-,-,"Point;[590675.5964],[6136717.294]",Tree,104
38,538,538,96,105550.7,5522.105821,N,1025.837921,E,4,10,,23.233,M,39.413,M,1.7,0008*78,,Tree,,100,-,-,1103670643,-,-,"Point;[590671.6233],[6136722.746]",Tree,100
39,537,537,95,105539.2,5522.105049,N,1025.842745,E,4,11,,23.31,M,39.413,M,1.2,0008*7C,,Tree,,99,-,-,1103670532,-,-,"Point;[590676.7474],[6136721.419]",Tree,99
40,536,536,94,105530.25,5522.107301,N,1025.844795,E,4,10,,23.632,M,39.413,M,1.3,0008*77,,Tree,,98,-,-,1103670755,-,-,"Point;[590678.827],[6136725.639]",Tree,98
41,535,535,93,105519.85,5522.106332,N,1025.849024,E,4,11,,23.445,M,39.413,M,0.9,0008*73,,Tree,,97,-,-,1103670626,-,-,"Point;[590683.3306],[6136723.934]",Tree,97
42,534,534,92,105459.75,5522.108607,N,1025.858669,E,4,14,,22.937,M,39.413,M,1.8,0008*78,,Tree,,96,-,-,1103670842,-,-,"Point;[590693.4318],[6136728.364]",Tree,96
43,533,533,91,105448.15,5522.105427,N,1025.85759,E,4,12,,23.282,M,39.413,M,1.1,0008*77,,Tree,,95,-,-,1103670502,-,-,"Point;[590692.413],[6136722.442]",Tree,95
44,532,532,90,105434.65,5522.102325,N,1025.860158,E,4,12,,22.539,M,39.413,M,1.6,0008*73,,Tree,,94,-,-,1103670396,-,-,"Point;[590695.2436],[6136716.746]",Tree,94
45,531,531,89,105413.15,5522.101182,N,1025.86959,E,4,12,,22.953,M,39.413,M,1.1,0008*7A,,Tree,,93,-,-,1103670365,-,-,"Point;[590705.2503],[6136714.83]",Tree,93
46,530,530,88,105335.7,5522.085475,N,1025.872302,E,4,10,,23.098,M,39.413,M,1.7,0008*7A,,Tree,,92,-,-,1103670351,-,-,"Point;[590708.713],[6136685.76]",Tree,92
47,529,529,87,105314.1,5522.079677,N,1025.872971,E,4,9,,23.003,M,39.413,M,1.1,0008*7A,,Tree,,91,-,-,1103670490,-,-,"Point;[590709.6413],[6136675.021]",Tree,91
48,528,528,86,105300.7,5522.082143,N,1025.870568,E,4,12,,22.356,M,39.413,M,1.7,0008*78,,Tree,,90,-,-,1103670496,-,-,"Point;[590707.0091],[6136679.543]",Tree,90
49,527,527,85,105242.7,5522.082396,N,1025.861749,E,4,11,,23.18,M,39.413,M,1.7,0008*70,,Tree,,89,-,-,1103670783,-,-,"Point;[590697.684],[6136679.82]",Tree,89
50,526,526,79,104821.7,5522.086759,N,1025.838734,E,4,5,,23.868,M,39.413,M,0.7,0008*79,,Tree,,83,-,-,1103670627,-,-,"Point;[590673.2085],[6136687.412]",Tree,83
51,525,525,71,104519.2,5522.07395,N,1025.849934,E,4,8,,23.502,M,39.413,M,1.2,0008*71,,Tree,,74,-,-,1103670586,-,-,"Point;[590685.5268],[6136663.9]",Tree,74
52,524,524,70,104508.9,5522.072543,N,1025.853993,E,4,8,,23.165,M,39.413,M,0.9,0008*74,,Tree,,73,-,-,1103670759,-,-,"Point;[590689.8672],[6136661.378]",Tree,73
53,523,523,69,104456.95,5522.070778,N,1025.850809,E,4,8,,23.163,M,39.413,M,2,0008*7B,,Tree,,72,-,-,1103670394,-,-,"Point;[590686.5717],[6136658.037]",Tree,72
54,522,522,66,104405.1,5522.069472,N,1025.85522,E,4,9,,22.22,M,39.413,M,1.1,0008*7D,,Tree,,69,-,-,-,-,-,"Point;[590691.2809],[6136655.71]",Tree,69
55,521,521,58,104124.55,5522.064908,N,1025.86957,E,4,10,,23.121,M,39.413,M,1.5,0008*73,,Tree,,61,-,-,1103670542,-,-,"Point;[590706.6116],[6136647.557]",Tree,61
56,520,520,57,104117.1,5522.06319,N,1025.871291,E,4,12,,23.008,M,39.413,M,1.1,0008*77,,Tree,,60,-,-,-,-,-,"Point;[590708.4953],[6136644.41]",Tree,60
57,519,519,56,104104.95,5522.064766,N,1025.874156,E,4,10,,23.303,M,39.413,M,0.9,0008*7E,,Tree,,59,-,-,1103670433,-,-,"Point;[590711.4614],[6136647.394]",Tree,59
58,518,518,55,104052,5522.066445,N,1025.875302,E,4,10,,22.88,M,39.413,M,2,0008*77,,Tree,,58,-,-,1103670406,-,-,"Point;[590712.6072],[6136650.533]",Tree,58
59,517,517,48,103437.65,5522.067923,N,1025.900558,E,4,6,,23.52,M,39.413,M,1.6,0008*7F,,Tree,,51,-,-,1103670514,-,-,"Point;[590739.2274],[6136653.822]",Tree,51
60,516,516,47,103350.35,5522.066645,N,1025.8908,E,4,5,,23.071,M,39.413,M,4.3,0008*72,,Tree,,50,-,-,1103670754,-,-,"Point;[590728.9694],[6136651.24]",Tree,50
61,515,515,46,103332.45,5522.067015,N,1025.886704,E,4,8,,23.045,M,39.413,M,1.5,0008*75,,Tree,,49,-,-,1103670391,-,-,"Point;[590724.6287],[6136651.838]",Tree,49
62,514,514,43,103216.85,5522.077197,N,1025.884345,E,4,12,,23.032,M,39.413,M,0.9,0008*7F,,Tree,,46,-,-,1103670700,-,-,"Point;[590721.7491],[6136670.67]",Tree,46
63,513,513,42,103204.95,5522.077153,N,1025.888418,E,4,11,,23.123,M,39.413,M,0.9,0008*71,,Tree,,45,-,-,1103670678,-,-,"Point;[590726.0534],[6136670.676]",Tree,45
64,512,512,40,103131.9,5522.077581,N,1025.898809,E,4,7,,23.189,M,39.413,M,0.9,0008*70,,Tree,,43,-,-,1103670984,-,-,"Point;[590737.0117],[6136671.695]",Tree,43
65,511,511,39,103121.25,5522.07782,N,1025.903109,E,4,11,,23.02,M,39.413,M,1.3,0008*7F,,Tree,,42,-,-,1103670519,-,-,"Point;[590741.5446],[6136672.231]",Tree,42
66,510,510,38,103056.2,5522.070545,N,1025.904932,E,4,10,,22.997,M,39.413,M,1.2,0008*70,,Tree,,41,-,-,1103670364,-,-,"Point;[590743.748],[6136658.779]",Tree,41
67,509,509,37,103019.55,5522.068077,N,1025.906255,E,4,7,,23.046,M,39.413,M,2.5,0008*73,,Tree,,40,-,-,1103670568,-,-,"Point;[590745.239],[6136654.231]",Tree,40
68,508,508,19,102339.75,5522.079618,N,1025.947785,E,4,12,,23.249,M,39.413,M,1.8,0008*72,,Tree,,21,-,-,1103670869,-,-,"Point;[590788.6649],[6136676.537]",Tree,21
69,507,507,18,102327.6,5522.078062,N,1025.945888,E,4,9,,23.139,M,39.413,M,1.6,0008*75,,Tree,,20,-,-,1103670846,-,-,"Point;[590786.721],[6136673.61]",Tree,20
70,506,506,17,102312.15,5522.079212,N,1025.94108,E,4,10,,23.185,M,39.413,M,1.1,0008*76,,Tree,,19,-,-,1103670597,-,-,"Point;[590781.5982],[6136675.639]",Tree,19
71,505,505,16,102245.35,5522.079136,N,1025.926864,E,4,9,,22.965,M,39.413,M,1.4,0008*7B,,Tree,,18,-,-,1103670861,-,-,"Point;[590766.5857],[6136675.189]",Tree,18
72,504,504,15,102234.55,5522.078487,N,1025.922326,E,4,12,,22.972,M,39.413,M,1.5,0008*72,,Tree,,17,-,-,1103670695,-,-,"Point;[590761.8168],[6136673.886]",Tree,17
73,503,503,14,102219.55,5522.078982,N,1025.917994,E,4,11,,22.975,M,39.413,M,1.5,0008*7F,,Tree,,16,-,-,1103670972,-,-,"Point;[590757.2229],[6136674.71]",Tree,16
74,502,502,10,102138.25,5522.074781,N,1025.918306,E,4,5,,22.917,M,39.413,M,1.3,0008*72,,Tree,,12,-,-,1103670581,-,-,"Point;[590757.7121],[6136666.925]",Tree,12
75,501,501,2,101752.75,5522.068878,N,1025.93618,E,4,7,,23.082,M,39.413,M,1.8,0008*78,,Tree,,3,-,-,1103670673,-,-,"Point;[590776.8167],[6136656.367]",Tree,3
76,500,500,248,132008.6,5522.140646,N,1025.860049,E,4,5,,23.533,M,39.415,M,1.6,0024*44,,Trash Can,,261,-,-,-,-,-,"Point;[590693.6681],[6136787.812]",Trash Can,261
77,499,499,247,131940.4,5522.132102,N,1025.860995,E,4,8,,22.462,M,39.415,M,1.4,0024*73,,Trash Can,,260,-,-,-,-,-,"Point;[590694.9932],[6136771.986]",Trash Can,260
78,498,498,68,104438.45,5522.067718,N,1025.84931,E,4,10,,22.023,M,39.413,M,1.5,0008*7B,,Trash Can,,71,-,-,-,-,-,"Point;[590685.1046],[6136652.329]",Trash Can,71
79,497,497,60,104149.05,5522.066393,N,1025.866081,E,4,7,,22.569,M,39.413,M,2,0008*7F,,Trash Can,,63,-,-,-,-,-,"Point;[590702.8697],[6136650.236]",Trash Can,63
80,496,496,54,104021.8,5522.063586,N,1025.883986,E,4,6,,22.398,M,39.413,M,1.8,0008*75,,Trash Can,,57,-,-,-,-,-,"Point;[590721.8885],[6136645.42]",Trash Can,57
81,495,495,36,102948.15,5522.06832,N,1025.908058,E,4,6,,22.506,M,39.413,M,4.2,0008*40,,Trash Can,,39,-,-,-,-,-,"Point;[590747.1347],[6136654.721]",Trash Can,39
82,494,494,29,102751.8,5522.077028,N,1025.904734,E,4,12,,22.138,M,39.413,M,0.8,0008*79,,Trash Can,,32,-,-,-,-,-,"Point;[590743.291],[6136670.799]",Trash Can,32
83,493,493,12,102202,5522.077678,N,1025.916846,E,4,6,,22.349,M,39.413,M,2,0008*72,,Trash Can,,14,-,-,-,-,-,"Point;[590756.0603],[6136672.267]",Trash Can,14
84,492,492,6,102021.55,5522.068442,N,1025.918026,E,4,9,,25.602,M,39.413,M,1.5,0008*7B,,Trash Can,,8,-,-,-,-,-,"Point;[590757.6586],[6136655.163]",Trash Can,8
85,491,491,408,114059.05,5522.116511,N,1025.794622,E,4,12,1.2,23.346,M,39.413,M,2,0007*7B,,Light Fixture,,425,-,-,1034152974,-,-,"Point;[590625.4822],[6136741.632]",Light Fixture,425
86,490,490,407,114016.9,5522.113677,N,1025.806513,E,4,13,0.9,23.507,M,39.413,M,0.9,0007*7A,,Manhole Cover,,424,-,-,1034152864,-,-,"Point;[590638.1496],[6136736.635]",Manhole Cover,424
87,489,489,406,113956.6,5522.111054,N,1025.806833,E,4,11,1.6,23.227,M,39.413,M,1.6,0007*70,,unknown,,423,-,-,-,-,-,"Point;[590638.5873],[6136731.777]",unknown,423
88,488,488,405,113937.6,5522.107681,N,1025.807052,E,4,11,1.6,23.512,M,39.413,M,1.6,0007*78,,unknown,,422,-,-,-,-,-,"Point;[590638.9471],[6136725.525]",unknown,422
89,487,487,404,113901.4,5522.106283,N,1025.807839,E,4,11,1.6,23.736,M,39.413,M,1.4,0007*74,,unknown,,421,-,-,-,-,-,"Point;[590639.8312],[6136722.951]",unknown,421
90,486,486,362,111520.75,5522.067902,N,1025.846712,E,4,14,1,23.766,M,39.413,M,1.8,0007*77,,unknown,,379,-,-,-,-,-,"Point;[590682.3541],[6136652.614]",unknown,379
91,485,485,360,111445.2,5522.06794,N,1025.850443,E,4,14,1,23.601,M,39.413,M,1.2,0007*73,,Light Fixture,,377,-,-,1103669380,-,-,"Point;[590686.2933],[6136652.765]",Light Fixture,377
92,484,484,357,111258.95,5522.063981,N,1025.862568,E,4,14,1,23.539,M,39.413,M,0.9,0007*79,,unknown,,374,-,-,-,-,-,"Point;[590699.2511],[6136645.687]",unknown,374
93,482,482,589,132217.6,5522.080273,N,1025.964631,E,4,8,1.3,24.225,M,39.413,M,1.6,0013*7B,,Tree,,607,-,-,-,-,-,"Point;[590806.4336],[6136678.119]",Tree,607
94,481,481,588,132151.15,5522.082925,N,1025.964165,E,4,10,1.6,24.402,M,39.413,M,1.1,0013*75,,Tree,,606,-,-,-,-,-,"Point;[590805.8406],[6136683.026]",Tree,606
95,480,480,549,125519.15,5522.156951,N,1025.959048,E,4,7,2.4,26.677,M,39.413,M,1.1,0013*7A,,Tree,,566,-,-,-,-,-,"Point;[590797.6096],[6136820.201]",Tree,566
96,479,479,548,125451.9,5522.155996,N,1025.959228,E,4,7,2.4,26.75,M,39.413,M,1.9,0013*72,,Tree,,565,-,-,-,-,-,"Point;[590797.8368],[6136818.433]",Tree,565
97,478,478,547,125423.3,5522.155802,N,1025.953415,E,4,11,1.3,24.346,M,39.413,M,1.3,0013*70,,Tree,,564,-,-,-,-,-,"Point;[590791.7046],[6136817.948]",Tree,564
98,477,477,522,123847.9,5522.129424,N,1025.959253,E,4,8,1.8,25.033,M,39.413,M,0.9,0013*70,,Tree,,538,-,-,-,-,-,"Point;[590798.8775],[6136769.154]",Tree,538
99,476,476,521,123812.45,5522.12989,N,1025.962501,E,4,9,1.4,26.703,M,39.413,M,1.5,0013*74,,Tree,,537,-,-,-,-,-,"Point;[590802.2901],[6136770.088]",Tree,537
100,475,475,520,123624.85,5522.095999,N,1025.963752,E,4,11,1.2,25.805,M,39.413,M,0.9,0013*78,,Tree,,536,-,-,-,-,-,"Point;[590804.9043],[6136707.264]",Tree,536
101,474,474,519,123558.75,5522.100932,N,1025.965113,E,4,5,10.3,26.865,M,39.413,M,1.8,0013*47,,Tree,,535,-,-,-,-,-,"Point;[590806.154],[6136716.441]",Tree,535
102,473,473,518,123537.3,5522.103512,N,1025.964095,E,4,10,1.3,26.818,M,39.413,M,1.3,0013*7B,,Tree,,534,-,-,-,-,-,"Point;[590804.9807],[6136721.204]",Tree,534
103,388,388,509,122953.05,5522.082679,N,1025.907632,E,4,11,1,22.581,M,39.413,M,1,0013*71,,Manhole Cover,,525,-,-,1103665858,-,-,"Point;[590746.1371],[6136681.342]",Manhole Cover,525
104,387,387,349,110934.85,5522.063368,N,1025.878168,E,4,14,0.9,23.561,M,39.413,M,1.9,0007*79,,Manhole Cover,Stone,366,-,-,-,-,-,"Point;[590715.752],[6136644.887]",Manhole Cover,366
105,386,386,546,125314.95,5522.160415,N,1025.947937,E,4,9,2,22.379,M,39.413,M,0.9,0013*7A,,Manhole Cover,,279,-,-,1034152826,-,-,"Point;[590785.7427],[6136826.383]",Manhole Cover,279
106,384,384,529,124530.5,5522.15704,N,1025.868863,E,4,7,2.5,22.436,M,39.413,M,1.5,0013*78,,Manhole Cover,,268,-,-,1034153057,-,-,"Point;[590702.352],[6136818.406]",Manhole Cover,268
107,383,383,565,130121.7,5522.140226,N,1025.874904,E,4,6,2.8,22.933,M,39.413,M,1.7,0013*72,,Manhole Cover,,263,-,-,-,-,-,"Point;[590709.3741],[6136787.354]",Manhole Cover,263
108,382,382,532,124712,5522.137472,N,1025.871372,E,4,7,2.2,22.409,M,39.413,M,1,0013*76,,Manhole Cover,,262,-,-,1034153061,-,-,"Point;[590705.7489],[6136782.17]",Manhole Cover,262
109,381,381,577,130715.15,5522.119845,N,1025.951852,E,4,8,1.3,22.419,M,39.413,M,1.1,0013*70,,Manhole Cover,,253,-,-,1034152828,-,-,"Point;[590791.4259],[6136751.23]",Manhole Cover,253
110,380,380,573,130531.75,5522.140731,N,1025.950793,E,4,9,1.7,22.424,M,39.413,M,1.8,0013*7A,,Manhole Cover,,251,-,-,1034152827,-,-,"Point;[590789.5104],[6136789.94]",Manhole Cover,251
111,379,379,535,124826.05,5522.120882,N,1025.868099,E,4,10,1,22.398,M,39.413,M,1,0013*78,,Manhole Cover,,244,-,-,-,-,-,"Point;[590702.9237],[6136751.332]",Manhole Cover,244
112,378,378,584,131234.55,5522.11643,N,1025.873366,E,4,6,4.8,22.376,M,39.413,M,1.5,0013*7B,,Manhole Cover,,241,-,-,1034152861,-,-,"Point;[590708.657],[6136743.191]",Manhole Cover,241
113,377,377,582,131115.2,5522.117631,N,1025.901904,E,4,8,1.7,22.44,M,39.413,M,1.2,0013*79,,Manhole Cover,,235,-,-,1034153298,-,-,"Point;[590738.753],[6136746.038]",Manhole Cover,235
114,376,376,578,130811.45,5522.118258,N,1025.916883,E,4,10,1.1,22.459,M,39.413,M,1.5,0013*7A,,Manhole Cover,,234,-,-,1034153067,-,-,"Point;[590754.551],[6136747.526]",Manhole Cover,234
115,375,375,500,122624.7,5522.10075,N,1025.87546,E,4,10,1.2,22.426,M,39.413,M,1.7,0013*7F,,Manhole Cover,,207,-,-,-,-,-,"Point;[590711.4666],[6136714.156]",Manhole Cover,207
116,373,373,460,121015.15,5522.102103,N,1025.903788,E,4,14,0.8,22.591,M,39.413,M,1.1,0013*7F,,Manhole Cover,,206,-,-,1034152859,-,-,"Point;[590741.3365],[6136717.282]",Manhole Cover,206
117,372,372,459,120937.1,5522.103247,N,1025.930097,E,4,12,1.1,22.577,M,39.413,M,1.1,0013*71,,Manhole Cover,,205,-,-,-,-,-,"Point;[590769.0811],[6136719.975]",Manhole Cover,205
118,371,371,458,120901.6,5522.104331,N,1025.955254,E,4,13,0.9,22.491,M,39.413,M,1.6,0013*72,,Manhole Cover,,204,-,-,-,-,-,"Point;[590795.6107],[6136722.531]",Manhole Cover,204
119,370,370,587,132124.2,5522.084995,N,1025.958176,E,4,11,1,22.47,M,39.413,M,1.2,0013*7A,,Manhole Cover,,161,-,-,-,-,-,"Point;[590799.4356],[6136686.734]",Manhole Cover,161
120,368,368,512,123050.45,5522.084319,N,1025.936054,E,4,11,1,22.556,M,39.413,M,1.5,0013*71,,Manhole Cover,,158,-,-,-,-,-,"Point;[590776.0951],[6136685.0]",Manhole Cover,158
121,367,367,505,122818.85,5522.08145,N,1025.878774,E,4,10,1.3,22.491,M,39.413,M,1.9,0013*7C,,Manhole Cover,,153,-,-,-,-,-,"Point;[590715.702],[6136678.436]",Manhole Cover,153
122,366,366,435,115622.2,5522.115208,N,1025.844828,E,4,12,1.2,23.482,M,39.413,M,1.2,0013*7B,,Manhole Cover,,150,-,-,1034152862,-,-,"Point;[590678.5605],[6136740.305]",Manhole Cover,150
123,365,365,403,113835,5522.106626,N,1025.815558,E,4,11,1.6,23.779,M,39.413,M,2,0007*72,,Manhole Cover,,122,-,-,-,-,-,"Point;[590647.9719],[6136723.753]",Manhole Cover,122
124,364,364,375,112235.45,5522.088702,N,1025.819614,E,4,6,4.7,23.91,M,39.413,M,1.5,0007*78,,Manhole Cover,,112,-,-,-,-,-,"Point;[590652.9389],[6136690.6]",Manhole Cover,112
125,363,363,347,110857.75,5522.0645,N,1025.883962,E,4,14,0.8,23.629,M,39.413,M,1.8,0007*74,,Manhole Cover,,56,-,-,1103665959,-,-,"Point;[590721.829],[6136647.114]",Manhole Cover,56
126,362,362,346,105945.9,5522.064944,N,1025.882558,E,4,12,1,23.603,M,39.415,M,1.9,0000*77,,Manhole Cover,,55,-,-,-,-,-,"Point;[590720.3291],[6136647.906]",Manhole Cover,55
127,361,361,329,104614.35,5522.073618,N,1025.903428,E,4,12,0.9,23.477,M,39.415,M,1.4,0000*7F,,Manhole Cover,,36,-,-,-,-,-,"Point;[590742.042],[6136664.446]",Manhole Cover,36
128,360,360,302,103539.95,5522.07505,N,1025.936543,E,4,11,1,23.482,M,39.415,M,0.9,0000*7E,,Manhole Cover,,27,-,-,-,-,-,"Point;[590776.9653],[6136667.821]",Manhole Cover,27
129,359,359,303,103615.95,5522.068152,N,1025.950474,E,4,12,0.9,23.604,M,39.415,M,0.9,0000*73,,Manhole Cover,,24,-,-,-,-,-,"Point;[590791.9435],[6136655.331]",Manhole Cover,24
130,358,358,590,132257.25,5522.075627,N,1025.958735,E,4,11,1,22.383,M,39.413,M,1.3,0013*7B,,Manhole Cover,,23,-,-,-,-,-,"Point;[590800.3831],[6136669.374]",Manhole Cover,23
131,357,357,308,103822.9,5522.067197,N,1025.934821,E,4,9,2.1,23.65,M,39.415,M,1.9,0000*77,,Manhole Cover,,6,-,-,-,-,-,"Point;[590775.4454],[6136653.22]",Manhole Cover,6
132,356,356,333,104837.25,5522.066914,N,1025.921101,E,4,9,2.2,23.559,M,39.415,M,1.3,0000*7B,,Manhole Cover,,5,-,-,-,-,-,"Point;[590760.9648],[6136652.397]",Manhole Cover,5
133,355,355,309,103847.05,5522.069296,N,1025.926528,E,4,10,1.6,23.527,M,39.415,M,1,0000*73,,Manhole Cover,,4,-,-,-,-,-,"Point;[590766.6069],[6136656.933]",Manhole Cover,4
134,354,354,564,130059.15,5522.146586,N,1025.873206,E,4,9,1.8,23.605,M,39.413,M,2.2,0013*77,,Light Fixture,,288,-,-,1034152906,-,-,"Point;[590707.3381],[6136799.112]",Light Fixture,288
135,353,353,538,125015.35,5522.156115,N,1025.871965,E,4,10,1.2,23.35,M,39.413,M,1.4,0013*7B,,Light Fixture,,287,-,-,1034152903,-,-,"Point;[590705.6642],[6136816.759]",Light Fixture,287
136,352,352,540,125053.1,5522.156833,N,1025.889971,E,4,9,1.3,23.634,M,39.413,M,1.1,0013*73,,Light Fixture,,285,-,-,1034152902,-,-,"Point;[590724.655],[6136818.481]",Light Fixture,285
137,351,351,542,125137.8,5522.157572,N,1025.908067,E,4,10,1.1,23.481,M,39.413,M,1.8,0013*72,,Light Fixture,,283,-,-,-,-,-,"Point;[590743.7394],[6136820.245]",Light Fixture,283
138,350,350,544,125215.3,5522.158339,N,1025.925983,E,4,10,1.1,23.64,M,39.413,M,1.3,0013*79,,Light Fixture,,281,-,-,1034152900,-,-,"Point;[590762.6339],[6136822.055]",Light Fixture,281
139,349,349,524,124251.7,5522.168268,N,1025.906826,E,4,13,0.8,23.561,M,39.413,M,0.7,0013*72,,Light Fixture,,273,-,-,-,-,-,"Point;[590742.0215],[6136840.054]",Light Fixture,273
140,348,348,526,124359.75,5522.167678,N,1025.888519,E,4,11,1.1,23.487,M,39.413,M,1.8,0013*7B,,Light Fixture,,271,-,-,1034152897,-,-,"Point;[590722.7072],[6136838.562]",Light Fixture,271
141,347,347,567,130217.4,5522.136804,N,1025.87454,E,4,8,2.1,23.846,M,39.413,M,1.4,0013*79,,Light Fixture,,258,-,-,1034152907,-,-,"Point;[590709.1198],[6136781.001]",Light Fixture,258
142,346,346,568,130307.75,5522.140746,N,1025.904922,E,4,9,1.7,23.594,M,39.413,M,1.8,0013*78,,Light Fixture,,257,-,-,1113474651,-,-,"Point;[590741.0598],[6136788.971]",Light Fixture,257
143,345,345,569,130332.1,5522.141127,N,1025.915198,E,4,9,1.2,23.726,M,39.413,M,1.1,0013*77,,Light Fixture,,256,-,-,1113474817,-,-,"Point;[590751.8985],[6136789.901]",Light Fixture,256
144,344,344,550,125605.65,5522.149751,N,1025.94553,E,4,10,1.1,23.461,M,39.413,M,1.6,0013*72,,Light Fixture,,255,-,-,1034152905,-,-,"Point;[590783.6077],[6136806.553]",Light Fixture,255
145,343,343,575,130623.05,5522.130294,N,1025.948234,E,4,9,1.6,23.33,M,39.413,M,1,0013*76,,Light Fixture,,254,-,-,1034152976,-,-,"Point;[590787.2058],[6136770.529]",Light Fixture,254
146,342,342,572,130514.55,5522.139833,N,1025.946711,E,4,8,2.1,23.486,M,39.413,M,1.5,0013*7D,,Light Fixture,,250,-,-,1034152977,-,-,"Point;[590785.2327],[6136788.187]",Light Fixture,250
147,341,341,571,130425.15,5522.132668,N,1025.916195,E,4,8,1.4,23.692,M,39.413,M,1.1,0013*79,,Light Fixture,,248,-,-,1113474623,-,-,"Point;[590753.2751],[6136774.234]",Light Fixture,248
148,340,340,570,130405.5,5522.132489,N,1025.906281,E,4,9,1.7,23.746,M,39.413,M,1.5,0013*71,,Light Fixture,,247,-,-,1113474640,-,-,"Point;[590742.8101],[6136773.688]",Light Fixture,247
149,339,339,583,131142.55,5522.119227,N,1025.885298,E,4,9,1.5,23.08,M,39.413,M,1.5,0013*70,,Light Fixture,,239,-,-,1034152909,-,-,"Point;[590721.1529],[6136748.637]",Light Fixture,239
150,338,338,579,130825.2,5522.120405,N,1025.913054,E,4,10,1.1,23.261,M,39.413,M,1.2,0013*7D,,Light Fixture,,233,-,-,1034152910,-,-,"Point;[590750.4253],[6136751.424]",Light Fixture,233
151,337,337,576,130651.05,5522.121844,N,1025.940894,E,4,10,1.1,23.089,M,39.413,M,1,0013*79,,Light Fixture,,232,-,-,1034152911,-,-,"Point;[590779.7757],[6136754.699]",Light Fixture,232
152,336,336,457,120825.6,5522.108837,N,1025.950984,E,4,13,0.8,23.346,M,39.413,M,1.6,0013*7F,,Light Fixture,,230,-,-,1034152916,-,-,"Point;[590790.9284],[6136730.795]",Light Fixture,230
153,335,335,452,120651.4,5522.108117,N,1025.93261,E,4,12,1,23.166,M,39.413,M,1.4,0013*7F,,Light Fixture,,224,-,-,1034152915,-,-,"Point;[590771.5494],[6136729.061]",Light Fixture,224
154,334,334,446,120301.9,5522.107347,N,1025.914483,E,4,14,0.8,23.198,M,39.413,M,0.9,0013*7F,,Light Fixture,,218,-,-,1034152914,-,-,"Point;[590752.4323],[6136727.239]",Light Fixture,218
155,333,333,438,115809.05,5522.10573,N,1025.878422,E,4,14,0.8,23.557,M,39.413,M,1,0013*70,,Light Fixture,,209,-,-,1034152912,-,-,"Point;[590714.4055],[6136723.456]",Light Fixture,209
156,332,332,480,121757.05,5522.099176,N,1025.952202,E,4,12,0.9,23.264,M,39.413,M,1,0013*7D,,Light Fixture,,203,-,-,1034152917,-,-,"Point;[590792.5841],[6136712.906]",Light Fixture,203
157,331,331,477,121640.65,5522.098608,N,1025.933989,E,4,12,1,23.054,M,39.413,M,1.6,0013*7F,,Light Fixture,,200,-,-,1034152918,-,-,"Point;[590773.3686],[6136711.455]",Light Fixture,200
158,330,330,470,121416.3,5522.097744,N,1025.915774,E,4,12,0.9,23.149,M,39.413,M,1.3,0013*71,,Light Fixture,,194,-,-,1034152919,-,-,"Point;[590754.1617],[6136709.458]",Light Fixture,194
159,329,329,466,121241.55,5522.096818,N,1025.897865,E,4,13,0.8,23.216,M,39.413,M,1.5,0013*7C,,Light Fixture,,189,-,-,1034152920,-,-,"Point;[590735.2811],[6136707.351]",Light Fixture,189
160,328,328,463,121124.95,5522.096139,N,1025.879537,E,4,12,1.1,23.403,M,39.413,M,0.9,0013*75,,Light Fixture,,186,-,-,1034152921,-,-,"Point;[590715.9481],[6136705.695]",Light Fixture,186
161,327,327,498,122528.65,5522.086388,N,1025.88112,E,4,12,1.1,23.28,M,39.413,M,1.6,0013*7E,,Light Fixture,,183,-,-,1034152922,-,-,"Point;[590717.993],[6136687.644]",Light Fixture,183
162,326,326,493,122320.4,5522.087374,N,1025.899276,E,4,10,1.3,23.3,M,39.413,M,1.4,0013*7F,,Light Fixture,,175,-,-,1034152923,-,-,"Point;[590737.1312],[6136689.867]",Light Fixture,175
163,325,325,489,122152.8,5522.088158,N,1025.91734,E,4,13,0.9,23.41,M,39.413,M,0.8,0013*7E,,Light Fixture,,172,-,-,1034152924,-,-,"Point;[590756.1815],[6136691.714]",Light Fixture,172
164,324,324,484,121935.15,5522.08872,N,1025.935453,E,4,11,1,23.164,M,39.413,M,1.1,0013*74,,Light Fixture,,165,-,-,1034152925,-,-,"Point;[590775.2922],[6136693.149]",Light Fixture,165
165,323,323,481,121842,5522.08974,N,1025.953476,E,4,11,1.1,23.254,M,39.413,M,1,0013*76,,Light Fixture,,162,-,-,1034152926,-,-,"Point;[590794.2897],[6136695.434]",Light Fixture,162
166,322,322,432,115513.7,5522.119991,N,1025.864364,E,4,15,0.8,23.486,M,39.413,M,1.7,0013*78,,Light Fixture,,146,-,-,1210520552,-,-,"Point;[590699.0127],[6136749.6]",Light Fixture,146
167,321,321,430,115428.45,5522.132023,N,1025.862909,E,4,14,0.8,23.498,M,39.413,M,1.5,0013*7C,,Light Fixture,,145,-,-,1210520553,-,-,"Point;[590697.0172],[6136771.881]",Light Fixture,145
168,320,320,425,115132.55,5522.145645,N,1025.860987,E,4,11,1.1,23.517,M,39.413,M,1.5,0013*7B,,Light Fixture,,144,-,-,1210520554,-,-,"Point;[590694.4681],[6136797.102]",Light Fixture,144
169,319,319,424,115100.2,5522.15915,N,1025.8592,E,4,11,1.1,23.506,M,39.413,M,1.2,0013*72,,Light Fixture,,143,-,-,1210520555,-,-,"Point;[590692.066],[6136822.11]",Light Fixture,143
170,318,318,426,115202.65,5522.142623,N,1025.849803,E,4,11,1,24.028,M,39.413,M,1.6,0013*71,,Light Fixture,,142,-,-,-,-,-,"Point;[590682.7705],[6136791.255]",Light Fixture,142
171,317,317,428,115319.6,5522.141969,N,1025.839377,E,4,6,1.9,24.195,M,39.413,M,1.6,0013*73,,Light Fixture,,141,-,-,-,-,-,"Point;[590671.7831],[6136789.817]",Light Fixture,141
172,316,316,427,115301.05,5522.141613,N,1025.830018,E,4,10,1.3,24.728,M,39.413,M,2,0013*76,,Light Fixture,,140,-,-,-,-,-,"Point;[590661.9117],[6136788.953]",Light Fixture,140
173,315,315,423,114932.95,5522.14561,N,1025.826801,E,4,9,1.4,24.527,M,39.413,M,2,0013*77,,Light Fixture,,138,-,-,1034152956,-,-,"Point;[590658.3614],[6136796.296]",Light Fixture,138
174,313,313,420,114830,5522.13253,N,1025.828808,E,4,9,1.4,24.393,M,39.413,M,1,0013*78,,Light Fixture,,137,-,-,1034152955,-,-,"Point;[590660.9803],[6136772.082]",Light Fixture,137
175,312,312,415,114614.7,5522.123669,N,1025.834856,E,4,8,1.4,23.842,M,39.413,M,0.7,0013*70,,Light Fixture,,134,-,-,1034152955,-,-,"Point;[590667.706],[6136755.779]",Light Fixture,134
176,311,311,414,114537.75,5522.119,N,1025.825666,E,4,10,1.6,23.445,M,39.413,M,1.8,0013*7F,,Light Fixture,,132,-,-,-,-,-,"Point;[590658.177],[6136746.921]",Light Fixture,132
177,310,310,410,114220.75,5522.118575,N,1025.816853,E,4,9,1.9,23.441,M,39.413,M,1.8,0007*76,,Light Fixture,,130,-,-,1034152975,-,-,"Point;[590648.8842],[6136745.942]",Light Fixture,130
178,308,308,402,113813.25,5522.106992,N,1025.820845,E,4,12,0.9,23.967,M,39.413,M,1.3,0007*70,,Light Fixture,,121,-,-,-,-,-,"Point;[590653.5418],[6136724.546]",Light Fixture,121
179,307,307,400,113711.05,5522.110555,N,1025.829893,E,4,13,0.9,23.518,M,39.413,M,1,0007*73,,Light Fixture,,120,-,-,1034152954,-,-,"Point;[590662.9634],[6136731.351]",Light Fixture,120
180,306,306,394,113313.45,5522.095857,N,1025.831678,E,4,15,0.8,24.038,M,39.413,M,1.5,0007*71,,Light Fixture,,111,-,-,-,-,-,"Point;[590665.4083],[6136704.133]",Light Fixture,111
181,305,305,376,112312.65,5522.090859,N,1025.836699,E,4,12,1.2,24.043,M,39.413,M,1.6,0007*76,,Light Fixture,,109,-,-,-,-,-,"Point;[590670.9019],[6136694.971]",Light Fixture,109
182,304,304,377,112346.05,5522.09185,N,1025.858431,E,4,13,0.8,23.669,M,39.413,M,2,0007*7B,,Light Fixture,,108,-,-,1103669242,-,-,"Point;[590693.8196],[6136697.281]",Light Fixture,108
183,303,303,392,113155.35,5522.107662,N,1025.837407,E,4,14,0.8,23.68,M,39.413,M,1.4,0007*71,,Light Fixture,,101,-,-,1034152988,-,-,"Point;[590671.01],[6136726.149]",Light Fixture,101
184,302,302,374,112159.6,5522.085379,N,1025.832956,E,4,11,1,24.127,M,39.413,M,1.6,0007*7C,,Light Fixture,,85,-,-,1034153008,-,-,"Point;[590667.1581],[6136684.729]",Light Fixture,85
185,301,301,370,112017.2,5522.086416,N,1025.856759,E,4,16,0.7,24.065,M,39.413,M,1.2,0007*71,,Light Fixture,,82,-,-,-,-,-,"Point;[590692.2605],[6136687.168]",Light Fixture,82
186,300,300,371,112048.7,5522.085968,N,1025.845264,E,4,14,0.8,24.207,M,39.413,M,1.7,0007*78,,Light Fixture,,81,-,-,-,-,-,"Point;[590680.1363],[6136686.086]",Light Fixture,81
187,299,299,368,111921.9,5522.075577,N,1025.858103,E,4,14,0.8,24.064,M,39.413,M,1.9,0007*75,,Light Fixture,,77,-,-,-,-,-,"Point;[590694.0933],[6136667.096]",Light Fixture,77
188,298,298,366,111808.45,5522.074933,N,1025.847108,E,4,16,0.7,24.183,M,39.413,M,1.5,0007*74,,Light Fixture,,76,-,-,-,-,-,"Point;[590682.5038],[6136665.662]",Light Fixture,76
189,297,297,367,111830.15,5522.074684,N,1025.846035,E,4,15,0.8,24.08,M,39.413,M,1.1,0007*73,,Light Fixture,,75,-,-,-,-,-,"Point;[590681.3801],[6136665.177]",Light Fixture,75
190,296,296,358,111350.55,5522.068297,N,1025.861804,E,4,14,0.9,23.406,M,39.413,M,1.5,0007*74,,Light Fixture,,67,-,-,1103669300,-,-,"Point;[590698.2798],[6136653.674]",Light Fixture,67
191,295,295,345,105901.15,5522.067235,N,1025.883443,E,4,11,1.1,23.525,M,39.415,M,1.1,0000*72,,Light Fixture,,48,-,-,1103668991,-,-,"Point;[590721.1758],[6136652.176]",Light Fixture,48
192,294,294,339,105206.45,5522.076945,N,1025.894392,E,4,12,0.9,23.465,M,39.415,M,1.5,0000*70,,Light Fixture,,44,-,-,1034152930,-,-,"Point;[590732.3709],[6136670.42]",Light Fixture,44
193,293,293,300,103500.4,5522.077308,N,1025.942514,E,4,11,1,23.496,M,39.415,M,1.4,0000*7E,,Light Fixture,,26,-,-,1034152928,-,-,"Point;[590783.1855],[6136672.138]",Light Fixture,26
194,291,291,315,104101.5,5522.077175,N,1025.917889,E,4,12,0.9,23.519,M,39.415,M,1.5,0000*7A,,Light Fixture,,15,-,-,1103668986,-,-,"Point;[590757.1809],[6136671.357]",Light Fixture,15
195,290,290,320,104253.7,5522.070656,N,1025.918601,E,4,11,1.2,23.5,M,39.415,M,1.7,0000*74,,Light Fixture,,10,-,-,1103669248,-,-,"Point;[590758.1812],[6136659.283]",Light Fixture,10
196,289,289,304,103654.15,5522.068184,N,1025.93966,E,4,12,1.3,23.679,M,39.415,M,1.1,0000*7F,,Light Fixture,,1,-,-,-,-,-,"Point;[590780.5189],[6136655.155]",Light Fixture,1
197,288,288,293,103047.45,5522.068891,N,1025.96032,E,4,12,0.9,23.347,M,39.415,M,2.5,0000*77,Second validation from here,Light Fixture,,0,-,-,1103669411,-,-,"Point;[590802.3145],[6136656.916]",Light Fixture,0
198,287,287,566,130149.7,5522.137048,N,1025.874334,E,4,8,2,23.256,M,39.413,M,0.7,0013*7D,,Fuse Box,,583,-,-,-,-,-,"Point;[590708.8932],[6136781.449]",Fuse Box,583
199,286,286,563,130035.4,5522.148138,N,1025.875023,E,4,8,2.2,23.645,M,39.413,M,1.4,0013*75,,Fuse Box,,580,-,-,-,-,-,"Point;[590709.1979],[6136802.031]",Fuse Box,580
200,285,285,517,123200.6,5522.092942,N,1025.959512,E,4,10,1.1,22.37,M,39.413,M,0.6,0013*78,,Downspout Grille,,533,-,-,-,-,-,"Point;[590800.5436],[6136701.502]",Downspout Grille,533
201,284,284,436,115643.65,5522.112835,N,1025.846312,E,4,13,0.8,23.39,M,39.413,M,1.6,0013*7D,,Downspout Grille,,452,-,-,-,-,-,"Point;[590680.2182],[6136735.936]",Downspout Grille,452
202,283,283,539,125034.1,5522.15648,N,1025.880476,E,4,10,1.9,22.766,M,39.413,M,1.1,0013*79,,Downspout Grille,,286,-,-,1210521229,-,-,"Point;[590714.6397],[6136817.62]",Downspout Grille,286
203,282,282,541,125114,5522.157199,N,1025.898783,E,4,10,1.2,22.698,M,39.413,M,1,0013*72,,Downspout Grille,,284,-,-,1202730954,-,-,"Point;[590733.9486],[6136819.351]",Downspout Grille,284
204,281,281,543,125157.05,5522.157934,N,1025.917024,E,4,8,2.3,22.752,M,39.413,M,2,0013*7A,,Downspout Grille,,282,-,-,1202730953,-,-,"Point;[590753.1865],[6136821.11]",Downspout Grille,282
205,280,280,545,125234.55,5522.15877,N,1025.935497,E,4,8,1.4,22.726,M,39.413,M,1.5,0013*71,,Downspout Grille,,280,-,-,1202730952,-,-,"Point;[590772.6658],[6136823.062]",Downspout Grille,280
206,279,279,525,124337.25,5522.167956,N,1025.897475,E,4,13,0.8,23.295,M,39.413,M,1.3,0013*72,,Downspout Grille,,272,-,-,-,-,-,"Point;[590732.1562],[6136839.273]",Downspout Grille,272
207,278,278,527,124427.1,5522.167119,N,1025.879163,E,4,8,1.9,22.389,M,39.413,M,1.1,0013*70,,Downspout Grille,,270,-,-,1210521228,-,-,"Point;[590712.8475],[6136837.323]",Downspout Grille,270
208,277,277,528,124515.1,5522.158015,N,1025.865631,E,4,6,2.7,22.16,M,39.413,M,1.1,0013*7D,,Downspout Grille,,267,-,-,-,-,-,"Point;[590698.9015],[6136820.144]",Downspout Grille,267
209,276,276,530,124556.95,5522.150005,N,1025.866709,E,4,8,2,22.264,M,39.413,M,2,0013*7B,,Downspout Grille,,266,-,-,-,-,-,"Point;[590700.3451],[6136805.313]",Downspout Grille,266
210,275,275,531,124654.7,5522.14188,N,1025.867772,E,4,8,2.5,22.327,M,39.413,M,0.7,0013*7F,,Downspout Grille,,264,-,-,-,-,-,"Point;[590701.7778],[6136790.268]",Downspout Grille,264
211,274,274,533,124733.45,5522.134557,N,1025.868664,E,4,8,1.5,22.322,M,39.413,M,1.5,0013*73,,Downspout Grille,,259,-,-,-,-,-,"Point;[590702.9987],[6136776.706]",Downspout Grille,259
212,273,273,574,130601.05,5522.135174,N,1025.95423,E,4,9,1.7,22.3,M,39.413,M,1,0013*72,,Downspout Grille,,252,-,-,-,-,-,"Point;[590793.3525],[6136779.708]",Downspout Grille,252
213,272,272,534,124802.05,5522.126575,N,1025.869785,E,4,8,1.9,22.277,M,39.413,M,1,0013*77,,Downspout Grille,,245,-,-,-,-,-,"Point;[590704.4875],[6136761.926]",Downspout Grille,245
214,271,271,536,124838.85,5522.120285,N,1025.870621,E,4,9,1.2,22.344,M,39.413,M,1.9,0013*72,,Downspout Grille,,243,-,-,-,-,-,"Point;[590705.6101],[6136750.281]",Downspout Grille,243
215,270,270,537,124857.8,5522.118457,N,1025.869466,E,4,10,1.3,22.42,M,39.413,M,1.8,0013*7A,,Downspout Grille,,242,-,-,1034152747,-,-,"Point;[590704.4605],[6136746.865]",Downspout Grille,242
216,269,269,437,115729.2,5522.112186,N,1025.872445,E,4,15,0.8,23.367,M,39.413,M,1.2,0013*7E,,Downspout Grille,,240,-,-,1034152749,-,-,"Point;[590707.846],[6136735.301]",Downspout Grille,240
217,268,268,456,120812.05,5522.108189,N,1025.946458,E,4,11,1.2,22.35,M,39.413,M,2,0013*7F,,Downspout Grille,,229,-,-,1034152762,-,-,"Point;[590786.1734],[6136729.494]",Downspout Grille,229
218,267,267,455,120755.4,5522.109402,N,1025.946229,E,4,13,0.8,22.459,M,39.413,M,1.4,0013*73,,Downspout Grille,,228,-,-,1034152763,-,-,"Point;[590785.885],[6136731.74]",Downspout Grille,228
219,266,266,449,120546.7,5522.107445,N,1025.929426,E,4,14,0.8,23.385,M,39.413,M,1.7,0013*7F,,Downspout Grille,,222,-,-,-,-,-,"Point;[590768.2119],[6136727.744]",Downspout Grille,222
220,265,265,450,120619.15,5522.108687,N,1025.929472,E,4,14,0.8,23.276,M,39.413,M,1.1,0013*71,,Downspout Grille,,221,-,-,-,-,-,"Point;[590768.2133],[6136730.049]",Downspout Grille,221
221,264,264,448,120506.25,5522.106867,N,1025.91579,E,4,14,0.8,23.363,M,39.413,M,1.3,0013*71,,Downspout Grille,,220,-,-,1034152756,-,-,"Point;[590753.8315],[6136726.377]",Downspout Grille,220
222,263,263,447,120440.6,5522.108043,N,1025.915505,E,4,14,0.8,23.376,M,39.413,M,1.6,0013*74,,Downspout Grille,,219,-,-,-,-,-,"Point;[590753.4856],[6136728.551]",Downspout Grille,219
223,262,262,444,120213.9,5522.106292,N,1025.902391,E,4,14,0.8,23.255,M,39.413,M,1.9,0013*77,,Downspout Grille,,216,-,-,1034152757,-,-,"Point;[590739.7008],[6136725.018]",Downspout Grille,216
224,261,261,442,120044.15,5522.107371,N,1025.898103,E,4,14,0.8,23.262,M,39.413,M,1.1,0013*72,,Downspout Grille,,214,-,-,-,-,-,"Point;[590735.1309],[6136726.928]",Downspout Grille,214
225,260,260,440,115845.95,5522.105432,N,1025.883048,E,4,15,0.8,23.464,M,39.413,M,0.9,0013*71,,Downspout Grille,,211,-,-,1103669801,-,-,"Point;[590719.303],[6136723.004]",Downspout Grille,211
226,259,259,439,115832.15,5522.106633,N,1025.882805,E,4,15,0.8,23.419,M,39.413,M,1.1,0013*77,,Downspout Grille,,210,-,-,1034152750,-,-,"Point;[590718.9999],[6136725.227]",Downspout Grille,210
227,258,258,462,121102.3,5522.100738,N,1025.874061,E,4,12,1,22.383,M,39.413,M,1.3,0013*75,,Downspout Grille,,208,-,-,1103669600,-,-,"Point;[590709.9892],[6136714.104]",Downspout Grille,208
228,257,257,479,121743,5522.098458,N,1025.947682,E,4,10,1.4,22.377,M,39.413,M,2,0013*7B,,Downspout Grille,,202,-,-,1034152760,-,-,"Point;[590787.8376],[6136711.476]",Downspout Grille,202
229,256,256,478,121719.5,5522.099685,N,1025.947539,E,4,10,1.3,22.44,M,39.413,M,1.5,0013*73,,Downspout Grille,,201,-,-,1034152761,-,-,"Point;[590787.6393],[6136713.747]",Downspout Grille,201
230,255,255,476,121620.35,5522.097789,N,1025.9317,E,4,11,1.1,22.377,M,39.413,M,1.4,0013*73,,Downspout Grille,,199,-,-,1034152759,-,-,"Point;[590770.9821],[6136709.887]",Downspout Grille,199
231,254,254,475,121604.35,5522.099017,N,1025.931656,E,4,12,0.9,22.358,M,39.413,M,1.4,0013*77,,Downspout Grille,,198,-,-,1034152758,-,-,"Point;[590770.889],[6136712.163]",Downspout Grille,198
232,253,253,471,121448.4,5522.097154,N,1025.915191,E,4,13,0.8,23.282,M,39.413,M,1.4,0013*75,,Downspout Grille,,193,-,-,-,-,-,"Point;[590753.5689],[6136708.352]",Downspout Grille,193
233,252,252,469,121355,5522.098314,N,1025.915818,E,4,11,1.2,22.384,M,39.413,M,2,0013*7C,,Downspout Grille,,192,-,-,-,-,-,"Point;[590754.1869],[6136710.515]",Downspout Grille,192
234,251,251,468,121318,5522.096405,N,1025.900156,E,4,8,1.5,22.437,M,39.413,M,2,0013*79,,Downspout Grille,,191,-,-,1034152755,-,-,"Point;[590737.7165],[6136706.635]",Downspout Grille,191
235,250,250,467,121302.4,5522.097642,N,1025.900057,E,4,10,1.3,22.362,M,39.413,M,1.4,0013*71,,Downspout Grille,,190,-,-,1034152754,-,-,"Point;[590737.5648],[6136708.926]",Downspout Grille,190
236,249,249,465,121213.4,5522.095724,N,1025.884356,E,4,12,0.8,22.411,M,39.413,M,1.4,0013*7A,,Downspout Grille,,188,-,-,1034152753,-,-,"Point;[590721.0541],[6136705.029]",Downspout Grille,188
237,248,248,464,121146.35,5522.096842,N,1025.884919,E,4,5,2.4,22.789,M,39.413,M,1.4,0013*7D,,Downspout Grille,,187,-,-,1034152752,-,-,"Point;[590721.6065],[6136707.116]",Downspout Grille,187
238,247,247,499,122551.65,5522.08917,N,1025.875561,E,4,12,0.9,22.365,M,39.413,M,0.6,0013*7D,,Downspout Grille,,184,-,-,1103669971,-,-,"Point;[590712.0146],[6136692.684]",Downspout Grille,184
239,246,246,496,122413.35,5522.087306,N,1025.885433,E,4,9,1.4,22.439,M,39.413,M,1.4,0013*74,,Downspout Grille,,182,-,-,1034152771,-,-,"Point;[590722.5133],[6136689.441]",Downspout Grille,182
240,245,245,497,122437.7,5522.086065,N,1025.885488,E,4,8,1.5,22.458,M,39.413,M,1.7,0013*79,,Downspout Grille,,181,-,-,1034152770,-,-,"Point;[590722.6183],[6136687.14]",Downspout Grille,181
241,244,244,492,122257.25,5522.08691,N,1025.902396,E,4,12,0.9,23.502,M,39.413,M,1.3,0013*74,,Downspout Grille,,176,-,-,1034152769,-,-,"Point;[590740.445],[6136689.075]",Downspout Grille,176
242,243,243,491,122238.9,5522.088013,N,1025.902048,E,4,13,0.9,23.458,M,39.413,M,1.9,0013*76,,Downspout Grille,,173,-,-,-,-,-,"Point;[590740.0354],[6136691.111]",Downspout Grille,173
243,242,242,488,122142.75,5522.088665,N,1025.918257,E,4,12,1.1,23.304,M,39.413,M,0.8,0013*74,,Downspout Grille,,171,-,-,-,-,-,"Point;[590757.1305],[6136692.673]",Downspout Grille,171
244,241,241,487,122041.3,5522.087512,N,1025.91843,E,4,11,1.3,22.416,M,39.413,M,1.3,0013*75,,Downspout Grille,,169,-,-,1034152768,-,-,"Point;[590757.3583],[6136690.538]",Downspout Grille,169
245,240,240,485,121952.7,5522.08938,N,1025.933108,E,4,11,1.3,22.387,M,39.413,M,0.7,0013*7B,,Downspout Grille,,167,-,-,1034152766,-,-,"Point;[590772.7903],[6136694.323]",Downspout Grille,167
246,239,239,486,122010.8,5522.088147,N,1025.933138,E,4,8,1.6,22.445,M,39.413,M,0.8,0013*79,,Downspout Grille,,166,-,-,1034152767,-,-,"Point;[590772.8684],[6136692.036]",Downspout Grille,166
247,238,238,482,121857.85,5522.090041,N,1025.948873,E,4,9,1.5,22.461,M,39.413,M,0.9,0013*74,,Downspout Grille,,164,-,-,1034152764,-,-,"Point;[590789.4161],[6136695.891]",Downspout Grille,164
248,237,237,483,121909.45,5522.088829,N,1025.949013,E,4,9,1.5,22.4,M,39.413,M,1.5,0013*73,,Downspout Grille,,163,-,-,1034152765,-,-,"Point;[590789.6107],[6136693.646]",Downspout Grille,163
249,236,236,295,103239,5522.081199,N,1025.961101,E,4,10,1.2,23.361,M,39.415,M,1,0000*75,,Downspout Grille,,160,-,-,-,-,-,"Point;[590802.6699],[6136679.758]",Downspout Grille,160
250,235,235,515,123111.75,5522.081854,N,1025.949611,E,4,10,1.3,22.399,M,39.413,M,1.8,0013*7F,,Downspout Grille,,159,-,-,1034152780,-,-,"Point;[590790.5087],[6136680.724]",Downspout Grille,159
251,232,232,511,123035.7,5522.081164,N,1025.93409,E,4,9,1.6,22.299,M,39.413,M,1.7,0013*7F,,Downspout Grille,,157,-,-,1034152775,-,-,"Point;[590774.1406],[6136679.107]",Downspout Grille,157
252,231,231,510,123013.4,5522.080569,N,1025.919957,E,4,10,1,22.418,M,39.413,M,1.4,0013*7A,,Downspout Grille,,156,-,-,1034152773,-,-,"Point;[590759.2354],[6136677.697]",Downspout Grille,156
253,230,230,508,122935.1,5522.0798,N,1025.902303,E,4,8,1.4,22.347,M,39.413,M,1.1,0013*7C,,Downspout Grille,,155,-,-,1103669990,-,-,"Point;[590740.6173],[6136675.886]",Downspout Grille,155
254,229,229,507,122912.35,5522.079269,N,1025.889975,E,4,10,1.3,22.354,M,39.413,M,1.4,0013*78,,Downspout Grille,,154,-,-,1034152748,-,-,"Point;[590727.6166],[6136674.633]",Downspout Grille,154
255,228,228,506,122843.05,5522.07868,N,1025.877006,E,4,11,1.2,22.347,M,39.413,M,1,0013*78,,Downspout Grille,,152,-,-,-,-,-,"Point;[590713.9406],[6136673.26]",Downspout Grille,152
256,227,227,385,112821.55,5522.113825,N,1025.870079,E,4,14,0.8,23.391,M,39.413,M,1.5,0007*7D,,Downspout Grille,,151,-,-,-,-,-,"Point;[590705.2847],[6136738.289]",Downspout Grille,151
257,226,226,434,115605.3,5522.117433,N,1025.845762,E,4,12,1.2,23.414,M,39.413,M,1.3,0013*79,,Downspout Grille,,149,-,-,-,-,-,"Point;[590679.4624],[6136744.452]",Downspout Grille,149
258,225,225,433,115533.9,5522.118111,N,1025.861041,E,4,15,0.8,23.413,M,39.413,M,0.9,0013*78,,Downspout Grille,,147,-,-,1034152870,-,-,"Point;[590695.5747],[6136746.041]",Downspout Grille,147
259,224,224,421,114908.15,5522.143245,N,1025.826868,E,4,9,1.4,24.602,M,39.413,M,1.1,0013*74,,Downspout Grille,,139,-,-,1034152871,-,-,"Point;[590658.5225],[6136791.911]",Downspout Grille,139
260,223,223,413,114511.15,5522.11638,N,1025.821718,E,4,10,1.6,23.442,M,39.413,M,1.1,0013*7D,,Downspout Grille,,131,-,-,-,-,-,"Point;[590654.1068],[6136741.977]",Downspout Grille,131
261,222,222,412,114448.8,5522.11179,N,1025.822135,E,4,12,0.9,23.477,M,39.413,M,1.8,0013*75,,Downspout Grille,,129,-,-,-,-,-,"Point;[590654.7221],[6136733.473]",Downspout Grille,129
262,221,221,411,114303.3,5522.111381,N,1025.81432,E,4,9,1.9,23.556,M,39.413,M,3.3,0007*7B,,Downspout Grille,,128,-,-,-,-,-,"Point;[590646.4833],[6136732.546]",Downspout Grille,128
263,220,220,350,110952.45,5522.065829,N,1025.877803,E,4,15,0.8,23.531,M,39.413,M,1.5,0007*72,,Downspout Grille,,54,-,-,1103665914,-,-,"Point;[590715.2722],[6136649.444]",Downspout Grille,54
264,219,219,337,105107.1,5522.072156,N,1025.890713,E,4,11,1.2,23.424,M,39.415,M,1.1,0000*73,,Downspout Grille,,53,-,-,-,-,-,"Point;[590728.6674],[6136661.459]",Downspout Grille,53
265,217,217,335,105023.9,5522.072408,N,1025.896422,E,4,11,1.2,23.386,M,39.415,M,1.9,0000*79,,Downspout Grille,,52,-,-,1103670043,-,-,"Point;[590734.6879],[6136662.049]",Downspout Grille,52
266,216,216,342,105312.55,5522.071915,N,1025.885023,E,4,12,0.9,23.435,M,39.415,M,1.5,0000*7F,,Downspout Grille,,47,-,-,1103669749,-,-,"Point;[590722.6661],[6136660.888]",Downspout Grille,47
267,215,215,330,104636.05,5522.072694,N,1025.902025,E,4,11,1.2,23.42,M,39.415,M,1,0000*7B,,Downspout Grille,,37,-,-,1034152774,-,-,"Point;[590740.5949],[6136662.703]",Downspout Grille,37
268,214,214,319,104235.35,5522.073431,N,1025.920494,E,4,11,1.2,23.404,M,39.415,M,1.4,0000*7E,,Downspout Grille,,31,-,-,1103669774,-,-,"Point;[590760.0755],[6136664.469]",Downspout Grille,31
269,213,213,310,103911.85,5522.073674,N,1025.926082,E,4,12,1,23.413,M,39.415,M,0.9,0000*77,,Downspout Grille,,30,-,-,1103669436,-,-,"Point;[590765.9684],[6136665.041]",Downspout Grille,30
270,212,212,306,103757.55,5522.073903,N,1025.931818,E,4,12,1,23.419,M,39.415,M,1.5,0000*79,,Downspout Grille,,28,-,-,1034152777,-,-,"Point;[590772.0176],[6136665.591]",Downspout Grille,28
271,211,211,301,103522.7,5522.074303,N,1025.941584,E,4,11,1,23.366,M,39.415,M,0.7,0000*7F,,Downspout Grille,,25,-,-,1103669907,-,-,"Point;[590782.3179],[6136666.546]",Downspout Grille,25
272,210,210,294,103106.25,5522.069599,N,1025.962085,E,4,12,0.9,23.349,M,39.415,M,1.3,0000*7D,,Downspout Grille,,22,-,-,-,-,-,"Point;[590804.152],[6136658.267]",Downspout Grille,22
273,209,209,419,114800.35,5522.124724,N,1025.827645,E,4,6,29.3,24.147,M,39.413,M,10.4,0013*78,,Chimney,,136,-,-,1095519974,-,-,"Point;[590660.0489],[6136757.579]",Chimney,136
274,208,208,418,114751.45,5522.125521,N,1025.827579,E,4,6,28.5,24.068,M,39.413,M,1.5,0013*4F,,Chimney,,135,-,-,1095519963,-,-,"Point;[590659.9494],[6136759.057]",Chimney,135
275,207,207,586,131757.75,5522.106031,N,1025.817084,E,4,7,2.9,24.043,M,39.413,M,1.8,0013*78,,Building Corner,,308,-,-,-,-,-,"Point;[590649.6067],[6136722.683]",Building Corner,308
276,206,206,397,113554.65,5522.105179,N,1025.827953,E,4,13,0.9,24.392,M,39.413,M,1.6,0007*70,,Bench,,116,-,-,-,-,-,"Point;[590661.1188],[6136721.34]",Bench,116
277,205,205,393,113240.4,5522.101362,N,1025.835033,E,4,15,0.8,24.659,M,39.413,M,1.4,0007*76,,Bench,,102,-,-,-,-,-,"Point;[590668.743],[6136714.414]",Bench,102
278,204,204,355,111218.25,5522.065393,N,1025.866295,E,4,13,1,23.915,M,39.413,M,1.3,0007*72,,Bench,,62,-,-,-,-,-,"Point;[590703.1341],[6136648.386]",Bench,62
279,203,203,324,104428.6,5522.069609,N,1025.907553,E,4,10,1.3,23.924,M,39.415,M,1.6,0000*77,,Bench,,38,-,-,-,-,-,"Point;[590746.5513],[6136657.101]",Bench,38
280,202,202,325,104451.45,5522.072782,N,1025.906385,E,4,11,1.2,23.935,M,39.415,M,1.5,0000*7E,,Bench,,34,-,-,-,-,-,"Point;[590745.197],[6136662.96]",Bench,34
281,201,201,326,104510.75,5522.075954,N,1025.905222,E,4,13,0.9,23.924,M,39.415,M,1.8,0000*77,,Bench,,33,-,-,-,-,-,"Point;[590743.8478],[6136668.817]",Bench,33
282,200,200,316,104119.75,5522.076493,N,1025.916999,E,4,13,0.9,23.913,M,39.415,M,0.8,0000*7A,,Bench,,13,-,-,-,-,-,"Point;[590756.2665],[6136670.073]",Bench,13
283,199,199,318,104210.65,5522.0733,N,1025.917426,E,4,10,1.2,23.957,M,39.415,M,1.6,0000*75,,Bench,,11,-,-,-,-,-,"Point;[590756.8389],[6136664.16]",Bench,11
284,198,198,321,104313.75,5522.069996,N,1025.917883,E,4,11,1.2,23.928,M,39.415,M,0.8,0000*74,,Bench,,9,-,-,-,-,-,"Point;[590757.4485],[6136658.043]",Bench,9
285,179,179,121,110817.45,5522.113443,N,1025.806862,E,5,11,,42.223,M,39.413,M,1.5,0008*79,,Manhole Cover,,126,-,-,1034152864,-,-,"Point;[590638.5267],[6136736.208]",Manhole Cover,126
286,178,178,119,110709,5522.107162,N,1025.798397,E,5,5,,34.972,M,39.413,M,2,0008*73,,Manhole Cover,Small Square Manhole Cover,124,-,-,-,-,-,"Point;[590629.8252],[6136724.375]",Manhole Cover,124
287,176,176,108,110117.7,5522.089529,N,1025.818533,E,5,9,,19.552,M,39.413,M,0.7,0008*71,,Manhole Cover,Small Manhole Cover,113,-,-,-,-,-,"Point;[590651.766],[6136692.11]",Manhole Cover,113
288,174,174,103,105821.95,5522.093005,N,1025.865081,E,4,9,,21.439,M,39.413,M,0.9,0008*7E,,Manhole Cover,Stone,107,-,-,1103666027,-,-,"Point;[590700.7994],[6136699.568]",Manhole Cover,107
289,173,173,63,104254.75,5522.070247,N,1025.868749,E,4,10,,21.663,M,39.413,M,1.8,0008*7F,,Manhole Cover,Stone,66,-,-,-,-,-,"Point;[590705.5405],[6136657.441]",Manhole Cover,66
290,172,172,62,104227.65,5522.072649,N,1025.878904,E,4,10,,21.906,M,39.413,M,1.6,0008*7A,,Manhole Cover,,65,-,-,1034152856,-,-,"Point;[590716.1757],[6136662.117]",Manhole Cover,65
291,158,158,264,132648.3,5522.159294,N,1025.944114,E,4,7,,23.105,M,39.415,M,1.3,0024*78,,Light Fixture,,278,-,-,1034152901,-,-,"Point;[590781.7473],[6136824.222]",Light Fixture,278
292,157,157,263,132617.15,5522.169885,N,1025.942653,E,4,8,,23.028,M,39.415,M,1.1,0024*7B,,Light Fixture,,277,-,-,1034152896,-,-,"Point;[590779.8001],[6136843.831]",Light Fixture,277
293,156,156,261,132539.2,5522.16909,N,1025.924592,E,4,9,,23.053,M,39.415,M,1.2,0024*73,,Light Fixture,,275,-,-,1034152899,-,-,"Point;[590760.7541],[6136841.964]",Light Fixture,275
294,153,153,255,132344.45,5522.16672,N,1025.87025,E,4,9,,23.031,M,39.415,M,1.5,0024*7D,,Light Fixture,,269,-,-,1034152898,-,-,"Point;[590703.4487],[6136836.388]",Light Fixture,269
295,144,144,234,130943.95,5522.127123,N,1025.875535,E,4,7,,22.934,M,39.415,M,2,0024*7B,,Light Fixture,,246,-,-,1034152908,-,-,"Point;[590710.5403],[6136763.068]",Light Fixture,246
296,137,137,203,125811.35,5522.106625,N,1025.896457,E,4,9,,22.92,M,39.415,M,1.4,0024*75,,Light Fixture,,213,-,-,1034152913,-,-,"Point;[590733.4204],[6136725.508]",Light Fixture,213
297,125,125,142,112414.15,5522.118064,N,1025.857568,E,4,7,,23.387,M,39.413,M,1.1,0008*74,,Light Fixture,,148,-,-,1034152952,-,-,"Point;[590691.9084],[6136745.878]",Light Fixture,148
298,115,115,122,110907.6,5522.113046,N,1025.794031,E,5,6,,24.059,M,39.413,M,1.6,0008*73,,Light Fixture,,127,-,-,1034152974,-,-,"Point;[590624.99],[6136735.192]",Light Fixture,127
299,114,114,118,110656.7,5522.105892,N,1025.810882,E,5,5,,29.655,M,39.413,M,1.7,0008*40,,Light Fixture,,123,-,-,-,-,-,"Point;[590643.0604],[6136722.292]",Light Fixture,123
300,107,107,83,105055.95,5522.073911,N,1025.829645,E,4,8,,23.778,M,39.413,M,0.9,0008*7C,,Light Fixture,,87,-,-,-,-,-,"Point;[590664.0981],[6136663.387]",Light Fixture,87
301,106,106,82,105033.6,5522.0775,N,1025.833875,E,4,6,,23.923,M,39.413,M,1.6,0008*77,,Light Fixture,,86,-,-,1034153007,-,-,"Point;[590668.4292],[6136670.136]",Light Fixture,86
302,99,99,67,104422.75,5522.067593,N,1025.850071,E,4,10,,22.125,M,39.413,M,0.8,0008*77,,Light Fixture,,70,-,-,1103669380,-,-,"Point;[590685.913],[6136652.113]",Light Fixture,70
303,95,95,32,102836.25,5522.072561,N,1025.905271,E,4,10,,23.015,M,39.413,M,1.3,0008*70,,Light Fixture,,35,-,-,1103669265,-,-,"Point;[590744.0286],[6136662.526]",Light Fixture,35
304,85,85,262,132600.15,5522.169533,N,1025.934368,E,4,6,,21.5,M,39.415,M,1.1,0024*7D,,Downspout Grille,,276,-,-,-,-,-,"Point;[590771.0625],[6136842.998]",Downspout Grille,276
305,84,84,260,132521.25,5522.16876,N,1025.916066,E,4,7,,21.55,M,39.415,M,1.3,0024*7E,,Downspout Grille,,274,-,-,-,-,-,"Point;[590751.7621],[6136841.167]",Downspout Grille,274
306,27,27,120,110742.45,5522.109699,N,1025.806339,E,5,8,,21.318,M,39.413,M,1.5,0008*77,,Downspout Grille,,125,-,-,-,-,-,"Point;[590638.1173],[6136729.253]",Downspout Grille,125
307,26,26,84,105111.9,5522.071719,N,1025.833938,E,4,9,,22.111,M,39.413,M,0.9,0008*72,,Downspout Grille,,88,-,-,-,-,-,"Point;[590668.7161],[6136659.415]",Downspout Grille,88
308,25,25,65,104354.65,5522.066211,N,1025.854836,E,4,8,,21.737,M,39.413,M,1.6,0008*7B,,Downspout Grille,,68,-,-,-,-,-,"Point;[590690.9995],[6136649.655]",Downspout Grille,68
309,24,24,61,104216.7,5522.071417,N,1025.877129,E,4,10,,21.984,M,39.413,M,1.7,0008*70,,Downspout Grille,,64,-,-,1103665914,-,-,"Point;[590714.3474],[6136659.793]",Downspout Grille,64
310,11,11,290,134114.2,5522.119043,N,1025.825861,E,4,7,,23.519,M,39.415,M,1.2,0024*7F,,Building Corner,,305,-,-,-,-,-,"Point;[590658.3813],[6136747.005]",Building Corner,305
311,10,10,76,104706.4,5522.081096,N,1025.844224,E,4,9,,24.301,M,39.413,M,1.4,0008*73,,Building Corner,Bikeshed,80,-,-,-,-,-,"Point;[590679.2224],[6136677.029]",Building Corner,80
312,9,9,75,104645.45,5522.075684,N,1025.845032,E,4,10,,24.386,M,39.413,M,1.5,0008*76,,Building Corner,Bikeshed,79,-,-,-,-,-,"Point;[590680.2824],[6136667.009]",Building Corner,79
